datum_lokaal;tijd_lokaal;uur_lokaal;log_tijd_utc;locatie_id;locatie_naam;bezet_berekend;vrij_berekend;capaciteit;bezetting_berekend_pct;ndw_vrij;ndw_bezet;ndw_bezetting_pct;site_status;status_tijd_lokaal;ouderdom_status_min;controle
2026-09-11;14:10;2026-09-11 14:00;2026-09-11 12:10:54;NL-12_411;Maasvlakte Plaza Noord (Hormuzstraat);53;528;581;9,1;528;3;9,2;spacesAvailable;2026-09-11 14:08:57;2,0;
2026-09-11;14:10;2026-09-11 14:00;2026-09-11 12:10:54;NL-12_418;Maasvlakte Plaza Zuid (Luzonstraat 6);63;137;200;31,5;137;0;13,7;spacesAvailable;2026-09-11 14:09:35;1,3;
2026-09-11;15:15;2026-09-11 15:00;2026-09-11 13:15:24;NL-12_411;Maasvlakte Plaza Noord (Hormuzstraat);87;494;581;15,0;494;7;12,0;spacesAvailable;2026-09-11 15:12:57;2,5;
2026-09-11;15:15;2026-09-11 15:00;2026-09-11 13:15:24;NL-12_418;Maasvlakte Plaza Zuid (Luzonstraat 6);77;123;200;38,5;123;0;16,3;spacesAvailable;2026-09-11 15:13:35;1,8;
2026-09-11;16:15;2026-09-11 16:00;2026-09-11 14:15:53;NL-12_411;Maasvlakte Plaza Noord (Hormuzstraat);93;488;581;16,0;488;7;17,6;spacesAvailable;2026-09-11 16:13:57;1,9;groep 2 capaciteit wijkt af (412 i.p.v. 408)
2026-09-11;16:15;2026-09-11 16:00;2026-09-11 14:15:53;NL-12_418;Maasvlakte Plaza Zuid (Luzonstraat 6);83;117;200;41,5;117;0;17,7;spacesAvailable;2026-09-11 16:14:35;1,3;
2026-09-11;17:14;2026-09-11 17:00;2026-09-11 15:14:55;NL-12_411;Maasvlakte Plaza Noord (Hormuzstraat);110;471;581;18,9;471;8;21,2;spacesAvailable;2026-09-11 17:12:57;2,0;groep 2 capaciteit wijkt af (414 i.p.v. 408)
2026-09-11;17:14;2026-09-11 17:00;2026-09-11 15:14:55;NL-12_418;Maasvlakte Plaza Zuid (Luzonstraat 6);88;112;200;44,0;112;0;18,7;spacesAvailable;2026-09-11 17:13:35;1,3;
2026-09-11;18:16;2026-09-11 18:00;2026-09-11 16:16:17;NL-12_411;Maasvlakte Plaza Noord (Hormuzstraat);143;438;581;24,6;438;7;24,6;spacesAvailable;2026-09-11 18:13:56;2,3;groep 2 capaciteit wijkt af (413 i.p.v. 408)
2026-09-11;18:16;2026-09-11 18:00;2026-09-11 16:16:17;NL-12_418;Maasvlakte Plaza Zuid (Luzonstraat 6);104;96;200;52,0;96;0;22,0;spacesAvailable;2026-09-11 18:14:35;1,7;
2026-09-11;19:13;2026-09-11 19:00;2026-09-11 17:13:55;NL-12_411;Maasvlakte Plaza Noord (Hormuzstraat);195;386;581;33,6;386;8;27,6;spacesAvailable;2026-09-11 19:11:56;2,0;groep 2 capaciteit wijkt af (412 i.p.v. 408)
2026-09-11;19:13;2026-09-11 19:00;2026-09-11 17:13:55;NL-12_418;Maasvlakte Plaza Zuid (Luzonstraat 6);126;74;200;63,0;74;0;26,3;spacesAvailable;2026-09-11 19:12:35;1,3;
2026-09-11;20:17;2026-09-11 20:00;2026-09-11 18:17:47;NL-12_411;Maasvlakte Plaza Noord (Hormuzstraat);250;331;581;43,0;331;12;31,0;spacesAvailable;2026-09-11 20:15:56;1,8;groep 2 capaciteit wijkt af (411 i.p.v. 408)
2026-09-11;20:17;2026-09-11 20:00;2026-09-11 18:17:47;NL-12_418;Maasvlakte Plaza Zuid (Luzonstraat 6);180;20;200;90,0;20;0;55,7;spacesAvailable;2026-09-11 20:16:35;1,2;
2026-09-11;21:13;2026-09-11 21:00;2026-09-11 19:13:15;NL-12_411;Maasvlakte Plaza Noord (Hormuzstraat);294;287;581;50,6;287;16;34,4;spacesAvailable;2026-09-11 21:10:56;2,3;groep 2 capaciteit wijkt af (420 i.p.v. 408)
2026-09-11;21:13;2026-09-11 21:00;2026-09-11 19:13:15;NL-12_418;Maasvlakte Plaza Zuid (Luzonstraat 6);200;0;200;100,0;0;0;66,7;full;2026-09-11 21:11:35;1,7;
2026-09-11;22:15;2026-09-11 22:00;2026-09-11 20:15:21;NL-12_411;Maasvlakte Plaza Noord (Hormuzstraat);346;235;581;59,6;235;15;41,6;spacesAvailable;2026-09-11 22:12:56;2,4;groep 2 capaciteit wijkt af (418 i.p.v. 408)
2026-09-11;22:15;2026-09-11 22:00;2026-09-11 20:15:21;NL-12_418;Maasvlakte Plaza Zuid (Luzonstraat 6);200;0;200;100,0;0;0;66,7;full;2026-09-11 22:13:35;1,8;
2026-09-11;23:14;2026-09-11 23:00;2026-09-11 21:14:28;NL-12_411;Maasvlakte Plaza Noord (Hormuzstraat);361;220;581;62,1;220;16;44,0;spacesAvailable;2026-09-11 23:11:57;2,5;groep 2 capaciteit wijkt af (423 i.p.v. 408)
2026-09-11;23:14;2026-09-11 23:00;2026-09-11 21:14:28;NL-12_418;Maasvlakte Plaza Zuid (Luzonstraat 6);200;0;200;100,0;0;0;66,7;full;2026-09-11 23:12:35;1,9;
2026-09-12;00:14;2026-09-12 00:00;2026-09-11 22:14:56;NL-12_411;Maasvlakte Plaza Noord (Hormuzstraat);367;214;581;63,2;214;16;44,8;spacesAvailable;2026-09-12 00:12:56;2,0;groep 2 capaciteit wijkt af (412 i.p.v. 408)
2026-09-12;00:14;2026-09-12 00:00;2026-09-11 22:14:56;NL-12_418;Maasvlakte Plaza Zuid (Luzonstraat 6);200;0;200;100,0;0;0;66,7;full;2026-09-12 00:13:35;1,3;
2026-09-12;01:13;2026-09-12 01:00;2026-09-11 23:13:08;NL-12_411;Maasvlakte Plaza Noord (Hormuzstraat);373;208;581;64,2;208;17;45,8;spacesAvailable;2026-09-12 01:10:57;2,2;groep 2 capaciteit wijkt af (416 i.p.v. 408)
2026-09-12;01:13;2026-09-12 01:00;2026-09-11 23:13:08;NL-12_418;Maasvlakte Plaza Zuid (Luzonstraat 6);200;0;200;100,0;0;0;66,7;full;2026-09-12 01:11:35;1,5;
2026-09-12;02:20;2026-09-12 02:00;2026-09-12 00:20:46;NL-12_411;Maasvlakte Plaza Noord (Hormuzstraat);373;208;581;64,2;208;17;46,0;spacesAvailable;2026-09-12 02:18:57;1,8;groep 2 capaciteit wijkt af (420 i.p.v. 408)
2026-09-12;02:20;2026-09-12 02:00;2026-09-12 00:20:46;NL-12_418;Maasvlakte Plaza Zuid (Luzonstraat 6);199;1;200;99,5;1;0;66,7;spacesAvailable;2026-09-12 02:19:35;1,2;
2026-09-12;03:12;2026-09-12 03:00;2026-09-12 01:12:39;NL-12_411;Maasvlakte Plaza Noord (Hormuzstraat);368;213;581;63,3;213;17;40,8;spacesAvailable;2026-09-12 03:10:57;1,7;groep 2 capaciteit wijkt af (415 i.p.v. 408)
2026-09-12;03:12;2026-09-12 03:00;2026-09-12 01:12:39;NL-12_418;Maasvlakte Plaza Zuid (Luzonstraat 6);200;0;200;100,0;0;0;66,7;full;2026-09-12 03:11:35;1,1;
2026-09-12;04:15;2026-09-12 04:00;2026-09-12 02:15:33;NL-12_411;Maasvlakte Plaza Noord (Hormuzstraat);358;223;581;61,6;223;17;40,4;spacesAvailable;2026-09-12 04:13:56;1,6;groep 2 capaciteit wijkt af (421 i.p.v. 408)
2026-09-12;04:15;2026-09-12 04:00;2026-09-12 02:15:33;NL-12_418;Maasvlakte Plaza Zuid (Luzonstraat 6);196;4;200;98,0;4;0;66,0;spacesAvailable;2026-09-12 04:14:35;1,0;
2026-09-12;05:15;2026-09-12 05:00;2026-09-12 03:15:32;NL-12_411;Maasvlakte Plaza Noord (Hormuzstraat);333;248;581;57,3;248;16;38,6;spacesAvailable;2026-09-12 05:13:56;1,6;groep 2 capaciteit wijkt af (412 i.p.v. 408)
2026-09-12;05:15;2026-09-12 05:00;2026-09-12 03:15:32;NL-12_418;Maasvlakte Plaza Zuid (Luzonstraat 6);187;13;200;93,5;13;0;63,0;spacesAvailable;2026-09-12 05:14:35;1,0;groep 2 capaciteit wijkt af (183 i.p.v. 164)
2026-09-12;06:14;2026-09-12 06:00;2026-09-12 04:14:42;NL-12_411;Maasvlakte Plaza Noord (Hormuzstraat);301;280;581;51,8;280;16;36,8;spacesAvailable;2026-09-12 06:12:57;1,8;groep 2 capaciteit wijkt af (417 i.p.v. 408)
2026-09-12;06:14;2026-09-12 06:00;2026-09-12 04:14:42;NL-12_418;Maasvlakte Plaza Zuid (Luzonstraat 6);163;37;200;81,5;37;0;52,3;spacesAvailable;2026-09-12 06:13:35;1,1;groep 2 capaciteit wijkt af (169 i.p.v. 164)
2026-09-12;07:13;2026-09-12 07:00;2026-09-12 05:13:38;NL-12_411;Maasvlakte Plaza Noord (Hormuzstraat);266;315;581;45,8;315;16;34,0;spacesAvailable;2026-09-12 07:11:56;1,7;groep 2 capaciteit wijkt af (417 i.p.v. 408)
2026-09-12;07:13;2026-09-12 07:00;2026-09-12 05:13:38;NL-12_418;Maasvlakte Plaza Zuid (Luzonstraat 6);159;41;200;79,5;41;0;50,7;spacesAvailable;2026-09-12 07:12:35;1,1;
2026-09-12;08:19;2026-09-12 08:00;2026-09-12 06:19:02;NL-12_411;Maasvlakte Plaza Noord (Hormuzstraat);228;353;581;39,2;353;11;26,8;spacesAvailable;2026-09-12 08:16:57;2,1;groep 2 capaciteit wijkt af (413 i.p.v. 408)
2026-09-12;08:19;2026-09-12 08:00;2026-09-12 06:19:02;NL-12_418;Maasvlakte Plaza Zuid (Luzonstraat 6);156;44;200;78,0;44;0;45,7;spacesAvailable;2026-09-12 08:17:35;1,5;groep 2 capaciteit wijkt af (169 i.p.v. 164)
2026-09-12;09:12;2026-09-12 09:00;2026-09-12 07:12:57;NL-12_411;Maasvlakte Plaza Noord (Hormuzstraat);222;359;581;38,2;359;14;26,0;spacesAvailable;2026-09-12 09:10:57;2,0;groep 2 capaciteit wijkt af (413 i.p.v. 408)
2026-09-12;09:12;2026-09-12 09:00;2026-09-12 07:12:57;NL-12_418;Maasvlakte Plaza Zuid (Luzonstraat 6);151;49;200;75,5;49;0;41,0;spacesAvailable;2026-09-12 09:11:35;1,4;groep 2 capaciteit wijkt af (169 i.p.v. 164)
2026-09-12;10:15;2026-09-12 10:00;2026-09-12 08:15:24;NL-12_411;Maasvlakte Plaza Noord (Hormuzstraat);239;342;581;41,1;342;11;27,8;spacesAvailable;2026-09-12 10:12:57;2,5;groep 2 capaciteit wijkt af (416 i.p.v. 408)
2026-09-12;10:15;2026-09-12 10:00;2026-09-12 08:15:24;NL-12_418;Maasvlakte Plaza Zuid (Luzonstraat 6);184;16;200;92,0;16;0;58,0;spacesAvailable;2026-09-12 10:13:35;1,8;
2026-09-12;11:14;2026-09-12 11:00;2026-09-12 09:14:33;NL-12_411;Maasvlakte Plaza Noord (Hormuzstraat);256;325;581;44,1;325;11;31,2;spacesAvailable;2026-09-12 11:12:56;1,6;groep 2 capaciteit wijkt af (418 i.p.v. 408)
2026-09-12;11:14;2026-09-12 11:00;2026-09-12 09:14:33;NL-12_418;Maasvlakte Plaza Zuid (Luzonstraat 6);198;2;200;99,0;2;0;66,0;spacesAvailable;2026-09-12 11:13:35;1,0;
2026-09-12;12:14;2026-09-12 12:00;2026-09-12 10:14:20;NL-12_411;Maasvlakte Plaza Noord (Hormuzstraat);262;319;581;45,1;319;11;31,2;spacesAvailable;2026-09-12 12:11:56;2,4;groep 2 capaciteit wijkt af (411 i.p.v. 408)
2026-09-12;12:14;2026-09-12 12:00;2026-09-12 10:14:20;NL-12_418;Maasvlakte Plaza Zuid (Luzonstraat 6);200;0;200;100,0;0;0;66,7;full;2026-09-12 12:12:35;1,8;
2026-09-12;13:13;2026-09-12 13:00;2026-09-12 11:13:13;NL-12_411;Maasvlakte Plaza Noord (Hormuzstraat);270;311;581;46,5;311;11;28,6;spacesAvailable;2026-09-12 13:10:57;2,3;groep 2 capaciteit wijkt af (415 i.p.v. 408)
2026-09-12;13:13;2026-09-12 13:00;2026-09-12 11:13:13;NL-12_418;Maasvlakte Plaza Zuid (Luzonstraat 6);200;0;200;100,0;0;0;66,7;full;2026-09-12 13:11:35;1,6;
2026-09-12;14:18;2026-09-12 14:00;2026-09-12 12:18:14;NL-12_411;Maasvlakte Plaza Noord (Hormuzstraat);281;300;581;48,4;300;12;29,2;spacesAvailable;2026-09-12 14:15:56;2,3;
2026-09-12;14:18;2026-09-12 14:00;2026-09-12 12:18:14;NL-12_418;Maasvlakte Plaza Zuid (Luzonstraat 6);200;0;200;100,0;0;0;66,7;full;2026-09-12 14:16:35;1,6;
2026-09-12;15:13;2026-09-12 15:00;2026-09-12 13:13:27;NL-12_411;Maasvlakte Plaza Noord (Hormuzstraat);285;296;581;49,1;296;12;29,4;spacesAvailable;2026-09-12 15:10:56;2,5;groep 2 capaciteit wijkt af (419 i.p.v. 408)
2026-09-12;15:13;2026-09-12 15:00;2026-09-12 13:13:27;NL-12_418;Maasvlakte Plaza Zuid (Luzonstraat 6);196;4;200;98,0;4;0;65,7;spacesAvailable;2026-09-12 15:11:35;1,9;
2026-09-12;16:13;2026-09-12 16:00;2026-09-12 14:13:33;NL-12_411;Maasvlakte Plaza Noord (Hormuzstraat);292;289;581;50,3;289;13;29,8;spacesAvailable;2026-09-12 16:11:56;1,6;groep 2 capaciteit wijkt af (414 i.p.v. 408)
2026-09-12;16:13;2026-09-12 16:00;2026-09-12 14:13:33;NL-12_418;Maasvlakte Plaza Zuid (Luzonstraat 6);194;6;200;97,0;6;0;65,0;spacesAvailable;2026-09-12 16:12:35;1,0;
2026-09-12;17:13;2026-09-12 17:00;2026-09-12 15:13:55;NL-12_411;Maasvlakte Plaza Noord (Hormuzstraat);313;268;581;53,9;268;13;32,2;spacesAvailable;2026-09-12 17:11:57;2,0;groep 2 capaciteit wijkt af (419 i.p.v. 408)
2026-09-12;17:13;2026-09-12 17:00;2026-09-12 15:13:55;NL-12_418;Maasvlakte Plaza Zuid (Luzonstraat 6);198;2;200;99,0;2;0;66,0;spacesAvailable;2026-09-12 17:12:35;1,3;
2026-09-12;18:15;2026-09-12 18:00;2026-09-12 16:15:05;NL-12_411;Maasvlakte Plaza Noord (Hormuzstraat);357;224;581;61,4;224;13;39,2;spacesAvailable;2026-09-12 18:12:56;2,1;groep 2 capaciteit wijkt af (419 i.p.v. 408)
2026-09-12;18:15;2026-09-12 18:00;2026-09-12 16:15:05;NL-12_418;Maasvlakte Plaza Zuid (Luzonstraat 6);195;5;200;97,5;5;0;64,7;spacesAvailable;2026-09-12 18:13:35;1,5;
2026-09-12;19:13;2026-09-12 19:00;2026-09-12 17:13:19;NL-12_411;Maasvlakte Plaza Noord (Hormuzstraat);358;223;581;61,6;223;13;39,2;spacesAvailable;2026-09-12 19:10:56;2,4;groep 2 capaciteit wijkt af (415 i.p.v. 408)
2026-09-12;19:13;2026-09-12 19:00;2026-09-12 17:13:19;NL-12_418;Maasvlakte Plaza Zuid (Luzonstraat 6);196;4;200;98,0;4;0;64,7;spacesAvailable;2026-09-12 19:11:35;1,7;
2026-09-12;20:16;2026-09-12 20:00;2026-09-12 18:16:23;NL-12_411;Maasvlakte Plaza Noord (Hormuzstraat);359;222;581;61,8;222;13;39,2;spacesAvailable;2026-09-12 20:13:56;2,4;groep 2 capaciteit wijkt af (411 i.p.v. 408)
2026-09-12;20:16;2026-09-12 20:00;2026-09-12 18:16:23;NL-12_418;Maasvlakte Plaza Zuid (Luzonstraat 6);197;3;200;98,5;3;0;65,7;spacesAvailable;2026-09-12 20:14:35;1,8;
2026-09-12;21:12;2026-09-12 21:00;2026-09-12 19:12:13;NL-12_411;Maasvlakte Plaza Noord (Hormuzstraat);361;220;581;62,1;220;13;39,6;spacesAvailable;2026-09-12 21:09:57;2,3;groep 2 capaciteit wijkt af (423 i.p.v. 408)
2026-09-12;21:12;2026-09-12 21:00;2026-09-12 19:12:13;NL-12_418;Maasvlakte Plaza Zuid (Luzonstraat 6);199;1;200;99,5;1;0;66,7;spacesAvailable;2026-09-12 21:10:35;1,6;
2026-09-12;22:14;2026-09-12 22:00;2026-09-12 20:14:49;NL-12_411;Maasvlakte Plaza Noord (Hormuzstraat);365;216;581;62,8;216;13;40,2;spacesAvailable;2026-09-12 22:12:56;1,9;groep 2 capaciteit wijkt af (415 i.p.v. 408)
2026-09-12;22:14;2026-09-12 22:00;2026-09-12 20:14:49;NL-12_418;Maasvlakte Plaza Zuid (Luzonstraat 6);200;0;200;100,0;0;0;66,7;full;2026-09-12 22:13:35;1,2;
2026-09-12;23:14;2026-09-12 23:00;2026-09-12 21:14:25;NL-12_411;Maasvlakte Plaza Noord (Hormuzstraat);371;210;581;63,9;210;13;41,0;spacesAvailable;2026-09-12 23:11:56;2,5;groep 2 capaciteit wijkt af (420 i.p.v. 408)
2026-09-12;23:14;2026-09-12 23:00;2026-09-12 21:14:25;NL-12_418;Maasvlakte Plaza Zuid (Luzonstraat 6);199;1;200;99,5;1;0;66,7;spacesAvailable;2026-09-12 23:12:35;1,8;
2026-09-13;00:13;2026-09-13 00:00;2026-09-12 22:13:44;NL-12_411;Maasvlakte Plaza Noord (Hormuzstraat);371;210;581;63,9;210;13;41,0;spacesAvailable;2026-09-13 00:11:56;1,8;groep 2 capaciteit wijkt af (420 i.p.v. 408)
2026-09-13;00:13;2026-09-13 00:00;2026-09-12 22:13:44;NL-12_418;Maasvlakte Plaza Zuid (Luzonstraat 6);199;1;200;99,5;1;0;66,7;spacesAvailable;2026-09-13 00:12:35;1,1;
2026-09-13;01:13;2026-09-13 01:00;2026-09-12 23:13:36;NL-12_411;Maasvlakte Plaza Noord (Hormuzstraat);373;208;581;64,2;208;13;41,4;spacesAvailable;2026-09-13 01:11:56;1,7;groep 2 capaciteit wijkt af (416 i.p.v. 408)
2026-09-13;01:13;2026-09-13 01:00;2026-09-12 23:13:36;NL-12_418;Maasvlakte Plaza Zuid (Luzonstraat 6);199;1;200;99,5;1;0;66,7;spacesAvailable;2026-09-13 01:12:35;1,0;
2026-09-13;02:22;2026-09-13 02:00;2026-09-13 00:22:17;NL-12_411;Maasvlakte Plaza Noord (Hormuzstraat);375;206;581;64,5;206;13;41,6;spacesAvailable;2026-09-13 02:19:57;2,3;groep 2 capaciteit wijkt af (412 i.p.v. 408)
2026-09-13;02:22;2026-09-13 02:00;2026-09-13 00:22:17;NL-12_418;Maasvlakte Plaza Zuid (Luzonstraat 6);199;1;200;99,5;1;0;66,7;spacesAvailable;2026-09-13 02:20:35;1,7;
2026-09-13;03:12;2026-09-13 03:00;2026-09-13 01:12:48;NL-12_411;Maasvlakte Plaza Noord (Hormuzstraat);377;204;581;64,9;204;13;42,0;spacesAvailable;2026-09-13 03:10:56;1,9;groep 2 capaciteit wijkt af (425 i.p.v. 408)
2026-09-13;03:12;2026-09-13 03:00;2026-09-13 01:12:48;NL-12_418;Maasvlakte Plaza Zuid (Luzonstraat 6);199;1;200;99,5;1;0;66,7;spacesAvailable;2026-09-13 03:11:35;1,2;
2026-09-13;04:15;2026-09-13 04:00;2026-09-13 02:15:13;NL-12_411;Maasvlakte Plaza Noord (Hormuzstraat);377;204;581;64,9;204;13;42,0;spacesAvailable;2026-09-13 04:12:56;2,3;groep 2 capaciteit wijkt af (425 i.p.v. 408)
2026-09-13;04:15;2026-09-13 04:00;2026-09-13 02:15:13;NL-12_418;Maasvlakte Plaza Zuid (Luzonstraat 6);199;1;200;99,5;1;0;66,7;spacesAvailable;2026-09-13 04:13:35;1,6;
2026-09-13;05:15;2026-09-13 05:00;2026-09-13 03:15:26;NL-12_411;Maasvlakte Plaza Noord (Hormuzstraat);377;204;581;64,9;204;13;42,0;spacesAvailable;2026-09-13 05:12:57;2,5;groep 2 capaciteit wijkt af (425 i.p.v. 408)
2026-09-13;05:15;2026-09-13 05:00;2026-09-13 03:15:26;NL-12_418;Maasvlakte Plaza Zuid (Luzonstraat 6);199;1;200;99,5;1;0;66,7;spacesAvailable;2026-09-13 05:13:35;1,8;
2026-09-14;06:15;2026-09-14 06:00;2026-09-14 04:15:35;NL-12_411;Maasvlakte Plaza Noord (Hormuzstraat);281;300;581;48,4;300;6;33,6;spacesAvailable;2026-09-14 06:13:57;1,6;groep 2 capaciteit wijkt af (416 i.p.v. 408)
2026-09-14;06:15;2026-09-14 06:00;2026-09-14 04:15:35;NL-12_418;Maasvlakte Plaza Zuid (Luzonstraat 6);89;111;200;44,5;111;0;31,7;spacesAvailable;2026-09-14 06:14:35;1,0;groep 2 capaciteit wijkt af (169 i.p.v. 164)
2026-09-14;06:16;2026-09-14 06:00;2026-09-14 04:16:14;NL-12_411;Maasvlakte Plaza Noord (Hormuzstraat);281;300;581;48,4;300;6;33,6;spacesAvailable;2026-09-14 06:13:57;2,3;groep 2 capaciteit wijkt af (416 i.p.v. 408)
2026-09-14;06:16;2026-09-14 06:00;2026-09-14 04:16:14;NL-12_418;Maasvlakte Plaza Zuid (Luzonstraat 6);89;111;200;44,5;111;0;31,7;spacesAvailable;2026-09-14 06:14:35;1,7;groep 2 capaciteit wijkt af (169 i.p.v. 164)
2026-09-14;07:14;2026-09-14 07:00;2026-09-14 05:14:46;NL-12_411;Maasvlakte Plaza Noord (Hormuzstraat);227;354;581;39,1;354;3;26,8;spacesAvailable;2026-09-14 07:12:56;1,8;groep 2 capaciteit wijkt af (413 i.p.v. 408)
2026-09-14;07:14;2026-09-14 07:00;2026-09-14 05:14:46;NL-12_418;Maasvlakte Plaza Zuid (Luzonstraat 6);87;113;200;43,5;113;0;29,3;spacesAvailable;2026-09-14 07:13:35;1,2;
2026-09-14;08:22;2026-09-14 08:00;2026-09-14 06:22:30;NL-12_411;Maasvlakte Plaza Noord (Hormuzstraat);174;407;581;29,9;407;2;22,0;spacesAvailable;2026-09-14 08:20:57;1,6;
2026-09-14;08:22;2026-09-14 08:00;2026-09-14 06:22:30;NL-12_418;Maasvlakte Plaza Zuid (Luzonstraat 6);84;116;200;42,0;116;0;27,0;spacesAvailable;2026-09-14 08:21:35;0,9;
2026-09-14;09:17;2026-09-14 09:00;2026-09-14 07:17:01;NL-12_411;Maasvlakte Plaza Noord (Hormuzstraat);145;436;581;25,0;436;3;19,8;spacesAvailable;2026-09-14 09:14:57;2,1;
2026-09-14;09:17;2026-09-14 09:00;2026-09-14 07:17:01;NL-12_418;Maasvlakte Plaza Zuid (Luzonstraat 6);78;122;200;39,0;122;0;23,0;spacesAvailable;2026-09-14 09:15:35;1,4;
2026-09-14;10:17;2026-09-14 10:00;2026-09-14 08:17:09;NL-12_411;Maasvlakte Plaza Noord (Hormuzstraat);94;487;581;16,2;487;2;7,8;spacesAvailable;2026-09-14 10:14:57;2,2;groep 2 capaciteit wijkt af (411 i.p.v. 408)
2026-09-14;10:17;2026-09-14 10:00;2026-09-14 08:17:09;NL-12_418;Maasvlakte Plaza Zuid (Luzonstraat 6);70;130;200;35,0;130;0;20,7;spacesAvailable;2026-09-14 10:15:35;1,6;
2026-09-14;11:17;2026-09-14 11:00;2026-09-14 09:17:41;NL-12_411;Maasvlakte Plaza Noord (Hormuzstraat);92;489;581;15,8;489;1;7,0;spacesAvailable;2026-09-14 11:15:56;1,7;
2026-09-14;11:17;2026-09-14 11:00;2026-09-14 09:17:41;NL-12_418;Maasvlakte Plaza Zuid (Luzonstraat 6);62;138;200;31,0;138;0;17,0;spacesAvailable;2026-09-14 11:16:35;1,1;
2026-09-14;12:16;2026-09-14 12:00;2026-09-14 10:16:06;NL-12_411;Maasvlakte Plaza Noord (Hormuzstraat);79;502;581;13,6;502;2;9,2;spacesAvailable;2026-09-14 12:13:56;2,2;groep 2 capaciteit wijkt af (413 i.p.v. 408)
2026-09-14;12:16;2026-09-14 12:00;2026-09-14 10:16:06;NL-12_418;Maasvlakte Plaza Zuid (Luzonstraat 6);66;134;200;33,0;134;0;17,0;spacesAvailable;2026-09-14 12:14:35;1,5;
2026-09-14;13:15;2026-09-14 13:00;2026-09-14 11:15:54;NL-12_411;Maasvlakte Plaza Noord (Hormuzstraat);77;504;581;13,3;504;2;6,0;spacesAvailable;2026-09-14 13:13:56;2,0;
2026-09-14;13:15;2026-09-14 13:00;2026-09-14 11:15:54;NL-12_418;Maasvlakte Plaza Zuid (Luzonstraat 6);59;141;200;29,5;141;0;15,7;spacesAvailable;2026-09-14 13:14:35;1,3;
2026-09-14;14:21;2026-09-14 14:00;2026-09-14 12:21:06;NL-12_411;Maasvlakte Plaza Noord (Hormuzstraat);75;506;581;12,9;506;1;5,4;spacesAvailable;2026-09-14 14:18:57;2,2;
2026-09-14;14:21;2026-09-14 14:00;2026-09-14 12:21:06;NL-12_418;Maasvlakte Plaza Zuid (Luzonstraat 6);62;138;200;31,0;138;0;15,7;spacesAvailable;2026-09-14 14:19:35;1,5;
2026-09-14;15:18;2026-09-14 15:00;2026-09-14 13:18:07;NL-12_411;Maasvlakte Plaza Noord (Hormuzstraat);90;491;581;15,5;491;3;7,2;spacesAvailable;2026-09-14 15:15:57;2,2;groep 2 capaciteit wijkt af (414 i.p.v. 408)
2026-09-14;15:18;2026-09-14 15:00;2026-09-14 13:18:07;NL-12_418;Maasvlakte Plaza Zuid (Luzonstraat 6);60;140;200;30,0;140;0;15,3;spacesAvailable;2026-09-14 15:16:35;1,5;
2026-09-14;16:17;2026-09-14 16:00;2026-09-14 14:17:33;NL-12_411;Maasvlakte Plaza Noord (Hormuzstraat);95;486;581;16,4;486;2;7,0;spacesAvailable;2026-09-14 16:15:56;1,6;groep 2 capaciteit wijkt af (414 i.p.v. 408)
2026-09-14;16:17;2026-09-14 16:00;2026-09-14 14:17:33;NL-12_418;Maasvlakte Plaza Zuid (Luzonstraat 6);73;127;200;36,5;127;0;17,0;spacesAvailable;2026-09-14 16:16:35;1,0;
2026-09-14;17:17;2026-09-14 17:00;2026-09-14 15:17:53;NL-12_411;Maasvlakte Plaza Noord (Hormuzstraat);136;445;581;23,4;445;3;11,8;spacesAvailable;2026-09-14 17:15:57;1,9;groep 2 capaciteit wijkt af (413 i.p.v. 408)
2026-09-14;17:17;2026-09-14 17:00;2026-09-14 15:17:53;NL-12_418;Maasvlakte Plaza Zuid (Luzonstraat 6);81;119;200;40,5;119;0;17,3;spacesAvailable;2026-09-14 17:16:35;1,3;
2026-09-14;18:15;2026-09-14 18:00;2026-09-14 16:15:38;NL-12_411;Maasvlakte Plaza Noord (Hormuzstraat);200;381;581;34,4;381;6;16,6;spacesAvailable;2026-09-14 18:13:56;1,7;
2026-09-14;18:15;2026-09-14 18:00;2026-09-14 16:15:38;NL-12_418;Maasvlakte Plaza Zuid (Luzonstraat 6);99;101;200;49,5;101;0;21,7;spacesAvailable;2026-09-14 18:14:35;1,0;
2026-09-14;19:13;2026-09-14 19:00;2026-09-14 17:13:48;NL-12_411;Maasvlakte Plaza Noord (Hormuzstraat);297;284;581;51,1;284;6;23,2;spacesAvailable;2026-09-14 19:11:56;1,9;groep 2 capaciteit wijkt af (418 i.p.v. 408)
2026-09-14;19:13;2026-09-14 19:00;2026-09-14 17:13:48;NL-12_418;Maasvlakte Plaza Zuid (Luzonstraat 6);154;46;200;77,0;46;0;41,0;spacesAvailable;2026-09-14 19:12:35;1,2;
2026-09-14;20:17;2026-09-14 20:00;2026-09-14 18:17:25;NL-12_411;Maasvlakte Plaza Noord (Hormuzstraat);521;60;581;89,7;60;61;62,8;spacesAvailable;2026-09-14 20:14:57;2,5;groep 2 capaciteit wijkt af (429 i.p.v. 408)
2026-09-14;20:17;2026-09-14 20:00;2026-09-14 18:17:25;NL-12_418;Maasvlakte Plaza Zuid (Luzonstraat 6);198;2;200;99,0;2;0;66,3;spacesAvailable;2026-09-14 20:15:35;1,8;
2026-09-14;21:15;2026-09-14 21:00;2026-09-14 19:15:37;NL-12_411;Maasvlakte Plaza Noord (Hormuzstraat);575;6;581;99,0;6;87;79,8;spacesAvailable;2026-09-14 21:13:57;1,7;
2026-09-14;21:15;2026-09-14 21:00;2026-09-14 19:15:37;NL-12_418;Maasvlakte Plaza Zuid (Luzonstraat 6);200;0;200;100,0;0;0;66,7;full;2026-09-14 21:14:35;1,0;
2026-09-14;22:15;2026-09-14 22:00;2026-09-14 20:15:45;NL-12_411;Maasvlakte Plaza Noord (Hormuzstraat);580;1;581;99,8;1;88;80,0;spacesAvailable;2026-09-14 22:13:56;1,8;
2026-09-14;22:15;2026-09-14 22:00;2026-09-14 20:15:45;NL-12_418;Maasvlakte Plaza Zuid (Luzonstraat 6);200;0;200;100,0;0;0;66,7;full;2026-09-14 22:14:35;1,2;
2026-09-14;23:14;2026-09-14 23:00;2026-09-14 21:14:30;NL-12_411;Maasvlakte Plaza Noord (Hormuzstraat);581;0;581;100,0;0;88;80,0;full;2026-09-14 23:12:57;1,6;
2026-09-14;23:14;2026-09-14 23:00;2026-09-14 21:14:30;NL-12_418;Maasvlakte Plaza Zuid (Luzonstraat 6);200;0;200;100,0;0;0;66,7;full;2026-09-14 23:13:35;0,9;
2026-09-15;00:15;2026-09-15 00:00;2026-09-14 22:15:26;NL-12_411;Maasvlakte Plaza Noord (Hormuzstraat);580;1;581;99,8;1;88;80,0;spacesAvailable;2026-09-15 00:12:57;2,5;
2026-09-15;00:15;2026-09-15 00:00;2026-09-14 22:15:26;NL-12_418;Maasvlakte Plaza Zuid (Luzonstraat 6);200;0;200;100,0;0;0;66,7;full;2026-09-15 00:13:35;1,9;
2026-09-15;01:14;2026-09-15 01:00;2026-09-14 23:14:07;NL-12_411;Maasvlakte Plaza Noord (Hormuzstraat);579;2;581;99,7;2;88;80,0;spacesAvailable;2026-09-15 01:11:56;2,2;
2026-09-15;01:14;2026-09-15 01:00;2026-09-14 23:14:07;NL-12_418;Maasvlakte Plaza Zuid (Luzonstraat 6);198;2;200;99,0;2;0;66,3;spacesAvailable;2026-09-15 01:12:35;1,5;
2026-09-15;02:22;2026-09-15 02:00;2026-09-15 00:22:38;NL-12_411;Maasvlakte Plaza Noord (Hormuzstraat);578;3;581;99,5;3;88;80,0;spacesAvailable;2026-09-15 02:20:56;1,7;
2026-09-15;02:22;2026-09-15 02:00;2026-09-15 00:22:38;NL-12_418;Maasvlakte Plaza Zuid (Luzonstraat 6);195;5;200;97,5;5;0;65,7;spacesAvailable;2026-09-15 02:21:35;1,1;
2026-09-15;03:16;2026-09-15 03:00;2026-09-15 01:16:50;NL-12_411;Maasvlakte Plaza Noord (Hormuzstraat);551;30;581;94,8;30;87;75,4;spacesAvailable;2026-09-15 03:14:56;1,9;
2026-09-15;03:16;2026-09-15 03:00;2026-09-15 01:16:50;NL-12_418;Maasvlakte Plaza Zuid (Luzonstraat 6);189;11;200;94,5;11;0;64,7;spacesAvailable;2026-09-15 03:15:35;1,2;groep 2 capaciteit wijkt af (183 i.p.v. 164)
2026-09-15;04:16;2026-09-15 04:00;2026-09-15 02:16:59;NL-12_411;Maasvlakte Plaza Noord (Hormuzstraat);494;87;581;85,0;87;86;71,8;spacesAvailable;2026-09-15 04:14:57;2,0;groep 2 capaciteit wijkt af (428 i.p.v. 408)
2026-09-15;04:16;2026-09-15 04:00;2026-09-15 02:16:59;NL-12_418;Maasvlakte Plaza Zuid (Luzonstraat 6);155;45;200;77,5;45;0;57,3;spacesAvailable;2026-09-15 04:15:35;1,4;groep 2 capaciteit wijkt af (169 i.p.v. 164)
2026-09-15;05:16;2026-09-15 05:00;2026-09-15 03:16:49;NL-12_411;Maasvlakte Plaza Noord (Hormuzstraat);364;217;581;62,7;217;74;54,6;spacesAvailable;2026-09-15 05:14:57;1,9;groep 2 capaciteit wijkt af (421 i.p.v. 408) | groep 1000 capaciteit wijkt af (93 i.p.v. 88)
2026-09-15;05:16;2026-09-15 05:00;2026-09-15 03:16:49;NL-12_418;Maasvlakte Plaza Zuid (Luzonstraat 6);90;110;200;45,0;110;0;34,0;spacesAvailable;2026-09-15 05:15:35;1,2;
2026-09-15;06:16;2026-09-15 06:00;2026-09-15 04:16:35;NL-12_411;Maasvlakte Plaza Noord (Hormuzstraat);214;367;581;36,8;367;34;29,8;spacesAvailable;2026-09-15 06:14:57;1,6;groep 2 capaciteit wijkt af (420 i.p.v. 408)
2026-09-15;06:16;2026-09-15 06:00;2026-09-15 04:16:35;NL-12_418;Maasvlakte Plaza Zuid (Luzonstraat 6);43;157;200;21,5;157;0;17,3;spacesAvailable;2026-09-15 06:15:35;1,0;groep 2 capaciteit wijkt af (167 i.p.v. 164)
2026-09-15;07:15;2026-09-15 07:00;2026-09-15 05:15:31;NL-12_411;Maasvlakte Plaza Noord (Hormuzstraat);115;466;581;19,8;466;13;14,0;spacesAvailable;2026-09-15 07:13:56;1,6;groep 2 capaciteit wijkt af (417 i.p.v. 408)
2026-09-15;07:15;2026-09-15 07:00;2026-09-15 05:15:31;NL-12_418;Maasvlakte Plaza Zuid (Luzonstraat 6);17;183;200;8,5;183;0;7,7;spacesAvailable;2026-09-15 07:14:35;0,9;groep 2 capaciteit wijkt af (167 i.p.v. 164)
2026-09-15;08:21;2026-09-15 08:00;2026-09-15 06:21:18;NL-12_411;Maasvlakte Plaza Noord (Hormuzstraat);97;484;581;16,7;484;6;8,0;spacesAvailable;2026-09-15 08:18:56;2,4;groep 2 capaciteit wijkt af (421 i.p.v. 408)
2026-09-15;08:21;2026-09-15 08:00;2026-09-15 06:21:18;NL-12_418;Maasvlakte Plaza Zuid (Luzonstraat 6);9;191;200;4,5;191;0;4,7;spacesAvailable;2026-09-15 08:19:35;1,7;
2026-09-15;09:17;2026-09-15 09:00;2026-09-15 07:17:43;NL-12_411;Maasvlakte Plaza Noord (Hormuzstraat);104;477;581;17,9;477;4;7,0;spacesAvailable;2026-09-15 09:15:57;1,8;
2026-09-15;09:17;2026-09-15 09:00;2026-09-15 07:17:43;NL-12_418;Maasvlakte Plaza Zuid (Luzonstraat 6);9;191;200;4,5;191;0;3,3;spacesAvailable;2026-09-15 09:16:35;1,1;
2026-09-15;10:18;2026-09-15 10:00;2026-09-15 08:18:04;NL-12_411;Maasvlakte Plaza Noord (Hormuzstraat);112;469;581;19,3;469;3;7,2;spacesAvailable;2026-09-15 10:15:57;2,1;groep 2 capaciteit wijkt af (412 i.p.v. 408)
2026-09-15;10:18;2026-09-15 10:00;2026-09-15 08:18:04;NL-12_418;Maasvlakte Plaza Zuid (Luzonstraat 6);6;194;200;3,0;194;0;1,7;spacesAvailable;2026-09-15 10:16:35;1,5;
2026-09-15;11:17;2026-09-15 11:00;2026-09-15 09:17:41;NL-12_411;Maasvlakte Plaza Noord (Hormuzstraat);99;482;581;17,0;482;2;8,6;spacesAvailable;2026-09-15 11:15:56;1,7;groep 2 capaciteit wijkt af (412 i.p.v. 408)
2026-09-15;11:17;2026-09-15 11:00;2026-09-15 09:17:41;NL-12_418;Maasvlakte Plaza Zuid (Luzonstraat 6);5;195;200;2,5;195;0;1,7;spacesAvailable;2026-09-15 11:16:35;1,1;
2026-09-15;12:15;2026-09-15 12:00;2026-09-15 10:15:57;NL-12_411;Maasvlakte Plaza Noord (Hormuzstraat);103;478;581;17,7;478;2;9,2;spacesAvailable;2026-09-15 12:13:57;2,0;
2026-09-15;12:15;2026-09-15 12:00;2026-09-15 10:15:57;NL-12_418;Maasvlakte Plaza Zuid (Luzonstraat 6);5;195;200;2,5;195;0;1,7;spacesAvailable;2026-09-15 12:14:35;1,4;
2026-09-15;13:14;2026-09-15 13:00;2026-09-15 11:14:55;NL-12_411;Maasvlakte Plaza Noord (Hormuzstraat);96;485;581;16,5;485;1;6,0;spacesAvailable;2026-09-15 13:12:57;2,0;
2026-09-15;13:14;2026-09-15 13:00;2026-09-15 11:14:55;NL-12_418;Maasvlakte Plaza Zuid (Luzonstraat 6);5;195;200;2,5;195;0;1,7;spacesAvailable;2026-09-15 13:13:35;1,3;
2026-09-15;14:19;2026-09-15 14:00;2026-09-15 12:19:46;NL-12_411;Maasvlakte Plaza Noord (Hormuzstraat);96;485;581;16,5;485;1;6,0;spacesAvailable;2026-09-15 14:17:57;1,8;
2026-09-15;14:19;2026-09-15 14:00;2026-09-15 12:19:46;NL-12_418;Maasvlakte Plaza Zuid (Luzonstraat 6);5;195;200;2,5;195;0;1,7;spacesAvailable;2026-09-15 14:18:35;1,2;
2026-09-15;15:17;2026-09-15 15:00;2026-09-15 13:17:23;NL-12_411;Maasvlakte Plaza Noord (Hormuzstraat);101;480;581;17,4;480;1;6,4;spacesAvailable;2026-09-15 15:14:56;2,4;groep 2 capaciteit wijkt af (413 i.p.v. 408)
2026-09-15;15:17;2026-09-15 15:00;2026-09-15 13:17:23;NL-12_418;Maasvlakte Plaza Zuid (Luzonstraat 6);5;195;200;2,5;195;0;1,7;spacesAvailable;2026-09-15 15:15:35;1,8;
2026-09-15;16:16;2026-09-15 16:00;2026-09-15 14:16:22;NL-12_411;Maasvlakte Plaza Noord (Hormuzstraat);146;435;581;25,1;435;2;9,4;spacesAvailable;2026-09-15 16:13:56;2,4;
2026-09-15;16:16;2026-09-15 16:00;2026-09-15 14:16:22;NL-12_418;Maasvlakte Plaza Zuid (Luzonstraat 6);25;175;200;12,5;175;0;5,7;spacesAvailable;2026-09-15 16:14:35;1,8;
2026-09-15;17:15;2026-09-15 17:00;2026-09-15 15:15:23;NL-12_411;Maasvlakte Plaza Noord (Hormuzstraat);189;392;581;32,5;392;3;12,0;spacesAvailable;2026-09-15 17:12:57;2,4;
2026-09-15;17:15;2026-09-15 17:00;2026-09-15 15:15:23;NL-12_418;Maasvlakte Plaza Zuid (Luzonstraat 6);55;145;200;27,5;145;0;12,7;spacesAvailable;2026-09-15 17:13:35;1,8;
2026-09-15;18:15;2026-09-15 18:00;2026-09-15 16:15:36;NL-12_411;Maasvlakte Plaza Noord (Hormuzstraat);255;326;581;43,9;326;6;20,0;spacesAvailable;2026-09-15 18:13:56;1,7;groep 2 capaciteit wijkt af (416 i.p.v. 408)
2026-09-15;18:15;2026-09-15 18:00;2026-09-15 16:15:36;NL-12_418;Maasvlakte Plaza Zuid (Luzonstraat 6);90;110;200;45,0;110;0;20,0;spacesAvailable;2026-09-15 18:14:35;1,0;
2026-09-15;19:13;2026-09-15 19:00;2026-09-15 17:13:54;NL-12_411;Maasvlakte Plaza Noord (Hormuzstraat);453;128;581;78,0;128;26;53,2;spacesAvailable;2026-09-15 19:11:57;2,0;groep 2 capaciteit wijkt af (427 i.p.v. 408)
2026-09-15;19:13;2026-09-15 19:00;2026-09-15 17:13:54;NL-12_418;Maasvlakte Plaza Zuid (Luzonstraat 6);150;50;200;75,0;50;0;38,7;spacesAvailable;2026-09-15 19:12:35;1,3;
2026-09-15;20:16;2026-09-15 20:00;2026-09-15 18:16:36;NL-12_411;Maasvlakte Plaza Noord (Hormuzstraat);578;3;581;99,5;3;85;79,8;spacesAvailable;2026-09-15 20:14:56;1,7;
2026-09-15;20:16;2026-09-15 20:00;2026-09-15 18:16:36;NL-12_418;Maasvlakte Plaza Zuid (Luzonstraat 6);200;0;200;100,0;0;0;66,7;full;2026-09-15 20:15:35;1,0;
2026-09-15;21:13;2026-09-15 21:00;2026-09-15 19:13:40;NL-12_411;Maasvlakte Plaza Noord (Hormuzstraat);581;0;581;100,0;0;86;80,0;full;2026-09-15 21:11:57;1,7;
2026-09-15;21:13;2026-09-15 21:00;2026-09-15 19:13:40;NL-12_418;Maasvlakte Plaza Zuid (Luzonstraat 6);198;2;200;99,0;2;0;66,0;spacesAvailable;2026-09-15 21:12:35;1,1;
2026-09-15;22:15;2026-09-15 22:00;2026-09-15 20:15:42;NL-12_411;Maasvlakte Plaza Noord (Hormuzstraat);579;2;581;99,7;2;86;80,0;spacesAvailable;2026-09-15 22:13:57;1,8;
2026-09-15;22:15;2026-09-15 22:00;2026-09-15 20:15:42;NL-12_418;Maasvlakte Plaza Zuid (Luzonstraat 6);200;0;200;100,0;0;0;66,7;full;2026-09-15 22:14:35;1,1;
2026-09-15;23:14;2026-09-15 23:00;2026-09-15 21:14:39;NL-12_411;Maasvlakte Plaza Noord (Hormuzstraat);580;1;581;99,8;1;86;80,0;spacesAvailable;2026-09-15 23:12:56;1,7;
2026-09-15;23:14;2026-09-15 23:00;2026-09-15 21:14:39;NL-12_418;Maasvlakte Plaza Zuid (Luzonstraat 6);200;0;200;100,0;0;0;66,7;full;2026-09-15 23:13:35;1,1;
2026-09-16;00:15;2026-09-16 00:00;2026-09-15 22:15:14;NL-12_411;Maasvlakte Plaza Noord (Hormuzstraat);580;1;581;99,8;1;86;80,0;spacesAvailable;2026-09-16 00:12:57;2,3;
2026-09-16;00:15;2026-09-16 00:00;2026-09-15 22:15:14;NL-12_418;Maasvlakte Plaza Zuid (Luzonstraat 6);200;0;200;100,0;0;0;66,7;full;2026-09-16 00:13:35;1,6;
2026-09-16;01:13;2026-09-16 01:00;2026-09-15 23:13:46;NL-12_411;Maasvlakte Plaza Noord (Hormuzstraat);581;0;581;100,0;0;86;80,0;full;2026-09-16 01:11:56;1,8;
2026-09-16;01:13;2026-09-16 01:00;2026-09-15 23:13:46;NL-12_418;Maasvlakte Plaza Zuid (Luzonstraat 6);200;0;200;100,0;0;0;66,7;full;2026-09-16 01:12:35;1,2;
2026-09-16;02:20;2026-09-16 02:00;2026-09-16 00:20:41;NL-12_411;Maasvlakte Plaza Noord (Hormuzstraat);572;9;581;98,5;9;86;79,6;spacesAvailable;2026-09-16 02:18:57;1,7;
2026-09-16;02:20;2026-09-16 02:00;2026-09-16 00:20:41;NL-12_418;Maasvlakte Plaza Zuid (Luzonstraat 6);196;4;200;98,0;4;0;66,0;spacesAvailable;2026-09-16 02:19:35;1,1;
2026-09-16;03:14;2026-09-16 03:00;2026-09-16 01:14:31;NL-12_411;Maasvlakte Plaza Noord (Hormuzstraat);560;21;581;96,4;21;86;78,8;spacesAvailable;2026-09-16 03:12:56;1,6;
2026-09-16;03:14;2026-09-16 03:00;2026-09-16 01:14:31;NL-12_418;Maasvlakte Plaza Zuid (Luzonstraat 6);190;10;200;95,0;10;0;64,7;spacesAvailable;2026-09-16 03:13:35;0,9;
2026-09-16;04:15;2026-09-16 04:00;2026-09-16 02:15:25;NL-12_411;Maasvlakte Plaza Noord (Hormuzstraat);467;114;581;80,4;114;84;67,6;spacesAvailable;2026-09-16 04:12:56;2,5;groep 2 capaciteit wijkt af (463 i.p.v. 408)
2026-09-16;04:15;2026-09-16 04:00;2026-09-16 02:15:25;NL-12_418;Maasvlakte Plaza Zuid (Luzonstraat 6);152;48;200;76,0;48;0;56,7;spacesAvailable;2026-09-16 04:13:35;1,8;groep 2 capaciteit wijkt af (168 i.p.v. 164)
2026-09-16;05:15;2026-09-16 05:00;2026-09-16 03:15:32;NL-12_411;Maasvlakte Plaza Noord (Hormuzstraat);360;221;581;62,0;221;58;55,4;spacesAvailable;2026-09-16 05:13:56;1,6;groep 2 capaciteit wijkt af (451 i.p.v. 408)
2026-09-16;05:15;2026-09-16 05:00;2026-09-16 03:15:32;NL-12_418;Maasvlakte Plaza Zuid (Luzonstraat 6);112;88;200;56,0;88;0;41,3;spacesAvailable;2026-09-16 05:14:35;0,9;groep 2 capaciteit wijkt af (167 i.p.v. 164)
2026-09-16;06:15;2026-09-16 06:00;2026-09-16 04:15:47;NL-12_411;Maasvlakte Plaza Noord (Hormuzstraat);214;367;581;36,8;367;31;32,6;spacesAvailable;2026-09-16 06:13:56;1,8;groep 2 capaciteit wijkt af (449 i.p.v. 408)
2026-09-16;06:15;2026-09-16 06:00;2026-09-16 04:15:47;NL-12_418;Maasvlakte Plaza Zuid (Luzonstraat 6);75;125;200;37,5;125;0;25,3;spacesAvailable;2026-09-16 06:14:35;1,2;groep 2 capaciteit wijkt af (167 i.p.v. 164)
2026-09-16;07:14;2026-09-16 07:00;2026-09-16 05:14:27;NL-12_411;Maasvlakte Plaza Noord (Hormuzstraat);137;444;581;23,6;444;18;21,2;spacesAvailable;2026-09-16 07:11:56;2,5;groep 2 capaciteit wijkt af (443 i.p.v. 408)
2026-09-16;07:14;2026-09-16 07:00;2026-09-16 05:14:27;NL-12_418;Maasvlakte Plaza Zuid (Luzonstraat 6);52;148;200;26,0;148;0;15,3;spacesAvailable;2026-09-16 07:12:35;1,9;
2026-09-16;08:20;2026-09-16 08:00;2026-09-16 06:20:28;NL-12_411;Maasvlakte Plaza Noord (Hormuzstraat);102;479;581;17,6;479;9;14,2;spacesAvailable;2026-09-16 08:17:56;2,5;groep 2 capaciteit wijkt af (445 i.p.v. 408)
2026-09-16;08:20;2026-09-16 08:00;2026-09-16 06:20:28;NL-12_418;Maasvlakte Plaza Zuid (Luzonstraat 6);47;153;200;23,5;153;0;12,3;spacesAvailable;2026-09-16 08:18:35;1,9;
2026-09-16;09:16;2026-09-16 09:00;2026-09-16 07:16:38;NL-12_411;Maasvlakte Plaza Noord (Hormuzstraat);92;489;581;15,8;489;5;10,2;spacesAvailable;2026-09-16 09:14:57;1,7;groep 2 capaciteit wijkt af (443 i.p.v. 408)
2026-09-16;09:16;2026-09-16 09:00;2026-09-16 07:16:38;NL-12_418;Maasvlakte Plaza Zuid (Luzonstraat 6);41;159;200;20,5;159;0;10,3;spacesAvailable;2026-09-16 09:15:35;1,0;
2026-09-16;10:16;2026-09-16 10:00;2026-09-16 08:16:38;NL-12_411;Maasvlakte Plaza Noord (Hormuzstraat);85;496;581;14,6;496;4;10,0;spacesAvailable;2026-09-16 10:14:57;1,7;groep 2 capaciteit wijkt af (447 i.p.v. 408)
2026-09-16;10:16;2026-09-16 10:00;2026-09-16 08:16:38;NL-12_418;Maasvlakte Plaza Zuid (Luzonstraat 6);43;157;200;21,5;157;0;10,7;spacesAvailable;2026-09-16 10:15:35;1,0;
2026-09-16;11:15;2026-09-16 11:00;2026-09-16 09:15:46;NL-12_411;Maasvlakte Plaza Noord (Hormuzstraat);121;460;581;20,8;460;2;10,0;spacesAvailable;2026-09-16 11:13:56;1,8;groep 2 capaciteit wijkt af (411 i.p.v. 408)
2026-09-16;11:15;2026-09-16 11:00;2026-09-16 09:15:46;NL-12_418;Maasvlakte Plaza Zuid (Luzonstraat 6);46;154;200;23,0;154;0;11,0;spacesAvailable;2026-09-16 11:14:35;1,2;
2026-09-16;12:16;2026-09-16 12:00;2026-09-16 10:16:38;NL-12_411;Maasvlakte Plaza Noord (Hormuzstraat);126;455;581;21,7;455;2;10,4;spacesAvailable;2026-09-16 12:14:56;1,7;groep 2 capaciteit wijkt af (411 i.p.v. 408)
2026-09-16;12:16;2026-09-16 12:00;2026-09-16 10:16:38;NL-12_418;Maasvlakte Plaza Zuid (Luzonstraat 6);40;160;200;20,0;160;0;8,0;spacesAvailable;2026-09-16 12:15:35;1,1;
2026-09-16;13:15;2026-09-16 13:00;2026-09-16 11:15:30;NL-12_411;Maasvlakte Plaza Noord (Hormuzstraat);126;455;581;21,7;455;2;10,4;spacesAvailable;2026-09-16 13:13:57;1,6;groep 2 capaciteit wijkt af (411 i.p.v. 408)
2026-09-16;13:15;2026-09-16 13:00;2026-09-16 11:15:30;NL-12_418;Maasvlakte Plaza Zuid (Luzonstraat 6);47;153;200;23,5;153;0;9,7;spacesAvailable;2026-09-16 13:14:35;0,9;
2026-09-16;14:20;2026-09-16 14:00;2026-09-16 12:20:29;NL-12_411;Maasvlakte Plaza Noord (Hormuzstraat);124;457;581;21,3;457;2;12,8;spacesAvailable;2026-09-16 14:17:57;2,5;groep 2 capaciteit wijkt af (411 i.p.v. 408)
2026-09-16;14:20;2026-09-16 14:00;2026-09-16 12:20:29;NL-12_418;Maasvlakte Plaza Zuid (Luzonstraat 6);41;159;200;20,5;159;0;8,3;spacesAvailable;2026-09-16 14:18:35;1,9;
2026-09-16;15:17;2026-09-16 15:00;2026-09-16 13:17:07;NL-12_411;Maasvlakte Plaza Noord (Hormuzstraat);133;448;581;22,9;448;2;10,8;spacesAvailable;2026-09-16 15:14:57;2,2;groep 2 capaciteit wijkt af (413 i.p.v. 408)
2026-09-16;15:17;2026-09-16 15:00;2026-09-16 13:17:07;NL-12_418;Maasvlakte Plaza Zuid (Luzonstraat 6);50;150;200;25,0;150;0;10,3;spacesAvailable;2026-09-16 15:15:35;1,5;
2026-09-16;16:16;2026-09-16 16:00;2026-09-16 14:16:54;NL-12_411;Maasvlakte Plaza Noord (Hormuzstraat);157;424;581;27,0;424;2;12,0;spacesAvailable;2026-09-16 16:14:57;2,0;groep 2 capaciteit wijkt af (414 i.p.v. 408)
2026-09-16;16:16;2026-09-16 16:00;2026-09-16 14:16:54;NL-12_418;Maasvlakte Plaza Zuid (Luzonstraat 6);55;145;200;27,5;145;0;12,0;spacesAvailable;2026-09-16 16:15:35;1,3;
2026-09-16;17:15;2026-09-16 17:00;2026-09-16 15:15:13;NL-12_411;Maasvlakte Plaza Noord (Hormuzstraat);222;359;581;38,2;359;8;22,6;spacesAvailable;2026-09-16 17:12:57;2,3;groep 2 capaciteit wijkt af (414 i.p.v. 408)
2026-09-16;17:15;2026-09-16 17:00;2026-09-16 15:15:13;NL-12_418;Maasvlakte Plaza Zuid (Luzonstraat 6);58;142;200;29,0;142;0;14,3;spacesAvailable;2026-09-16 17:13:35;1,6;
2026-09-16;18:15;2026-09-16 18:00;2026-09-16 16:15:43;NL-12_411;Maasvlakte Plaza Noord (Hormuzstraat);309;272;581;53,2;272;9;33,8;spacesAvailable;2026-09-16 18:13:57;1,8;groep 2 capaciteit wijkt af (412 i.p.v. 408)
2026-09-16;18:15;2026-09-16 18:00;2026-09-16 16:15:43;NL-12_418;Maasvlakte Plaza Zuid (Luzonstraat 6);96;104;200;48,0;104;0;22,0;spacesAvailable;2026-09-16 18:14:35;1,1;
2026-09-16;19:13;2026-09-16 19:00;2026-09-16 17:13:27;NL-12_411;Maasvlakte Plaza Noord (Hormuzstraat);479;102;581;82,4;102;38;59,2;spacesAvailable;2026-09-16 19:10:57;2,5;groep 2 capaciteit wijkt af (425 i.p.v. 408)
2026-09-16;19:13;2026-09-16 19:00;2026-09-16 17:13:27;NL-12_418;Maasvlakte Plaza Zuid (Luzonstraat 6);130;70;200;65,0;70;0;29,0;spacesAvailable;2026-09-16 19:11:35;1,9;groep 2 capaciteit wijkt af (168 i.p.v. 164)
2026-09-16;20:17;2026-09-16 20:00;2026-09-16 18:17:46;NL-12_411;Maasvlakte Plaza Noord (Hormuzstraat);552;29;581;95,0;29;86;78,8;spacesAvailable;2026-09-16 20:15:56;1,8;groep 2 capaciteit wijkt af (483 i.p.v. 408)
2026-09-16;20:17;2026-09-16 20:00;2026-09-16 18:17:46;NL-12_418;Maasvlakte Plaza Zuid (Luzonstraat 6);200;0;200;100,0;0;0;66,7;full;2026-09-16 20:16:35;1,2;
2026-09-16;21:14;2026-09-16 21:00;2026-09-16 19:14:01;NL-12_411;Maasvlakte Plaza Noord (Hormuzstraat);581;0;581;100,0;0;86;80,0;full;2026-09-16 21:11:56;2,1;
2026-09-16;21:14;2026-09-16 21:00;2026-09-16 19:14:01;NL-12_418;Maasvlakte Plaza Zuid (Luzonstraat 6);197;3;200;98,5;3;0;65,7;spacesAvailable;2026-09-16 21:12:35;1,4;
2026-09-16;22:16;2026-09-16 22:00;2026-09-16 20:16:04;NL-12_411;Maasvlakte Plaza Noord (Hormuzstraat);580;1;581;99,8;1;86;80,0;spacesAvailable;2026-09-16 22:13:57;2,1;
2026-09-16;22:16;2026-09-16 22:00;2026-09-16 20:16:04;NL-12_418;Maasvlakte Plaza Zuid (Luzonstraat 6);200;0;200;100,0;0;0;66,7;full;2026-09-16 22:14:35;1,5;
2026-09-16;23:15;2026-09-16 23:00;2026-09-16 21:15:42;NL-12_411;Maasvlakte Plaza Noord (Hormuzstraat);580;1;581;99,8;1;86;80,0;spacesAvailable;2026-09-16 23:13:56;1,8;
2026-09-16;23:15;2026-09-16 23:00;2026-09-16 21:15:42;NL-12_418;Maasvlakte Plaza Zuid (Luzonstraat 6);200;0;200;100,0;0;0;66,7;full;2026-09-16 23:14:35;1,1;
2026-09-17;00:14;2026-09-17 00:00;2026-09-16 22:14:48;NL-12_411;Maasvlakte Plaza Noord (Hormuzstraat);578;3;581;99,5;3;86;80,0;spacesAvailable;2026-09-17 00:12:57;1,9;
2026-09-17;00:14;2026-09-17 00:00;2026-09-16 22:14:48;NL-12_418;Maasvlakte Plaza Zuid (Luzonstraat 6);199;1;200;99,5;1;0;66,7;spacesAvailable;2026-09-17 00:13:35;1,2;
2026-09-17;01:14;2026-09-17 01:00;2026-09-16 23:14:17;NL-12_411;Maasvlakte Plaza Noord (Hormuzstraat);572;9;581;98,5;9;86;79,6;spacesAvailable;2026-09-17 01:11:56;2,3;
2026-09-17;01:14;2026-09-17 01:00;2026-09-16 23:14:17;NL-12_418;Maasvlakte Plaza Zuid (Luzonstraat 6);198;2;200;99,0;2;0;66,3;spacesAvailable;2026-09-17 01:12:35;1,7;
2026-09-17;02:20;2026-09-17 02:00;2026-09-17 00:20:24;NL-12_411;Maasvlakte Plaza Noord (Hormuzstraat);566;15;581;97,4;15;86;79,4;spacesAvailable;2026-09-17 02:17:56;2,5;
2026-09-17;02:20;2026-09-17 02:00;2026-09-17 00:20:24;NL-12_418;Maasvlakte Plaza Zuid (Luzonstraat 6);194;6;200;97,0;6;0;65,0;spacesAvailable;2026-09-17 02:18:35;1,8;
2026-09-17;03:15;2026-09-17 03:00;2026-09-17 01:15:16;NL-12_411;Maasvlakte Plaza Noord (Hormuzstraat);541;40;581;93,1;40;86;75,4;spacesAvailable;2026-09-17 03:12:57;2,3;groep 2 capaciteit wijkt af (450 i.p.v. 408)
2026-09-17;03:15;2026-09-17 03:00;2026-09-17 01:15:16;NL-12_418;Maasvlakte Plaza Zuid (Luzonstraat 6);183;17;200;91,5;17;0;63,0;spacesAvailable;2026-09-17 03:13:35;1,7;groep 2 capaciteit wijkt af (178 i.p.v. 164)
2026-09-17;04:15;2026-09-17 04:00;2026-09-17 02:15:24;NL-12_411;Maasvlakte Plaza Noord (Hormuzstraat);477;104;581;82,1;104;81;69,2;spacesAvailable;2026-09-17 04:12:56;2,5;groep 2 capaciteit wijkt af (461 i.p.v. 408)
2026-09-17;04:15;2026-09-17 04:00;2026-09-17 02:15:24;NL-12_418;Maasvlakte Plaza Zuid (Luzonstraat 6);170;30;200;85,0;30;0;59,3;spacesAvailable;2026-09-17 04:13:35;1,8;
2026-09-17;05:15;2026-09-17 05:00;2026-09-17 03:15:30;NL-12_411;Maasvlakte Plaza Noord (Hormuzstraat);351;230;581;60,4;230;52;49,6;spacesAvailable;2026-09-17 05:13:57;1,6;groep 2 capaciteit wijkt af (460 i.p.v. 408)
2026-09-17;05:15;2026-09-17 05:00;2026-09-17 03:15:30;NL-12_418;Maasvlakte Plaza Zuid (Luzonstraat 6);141;59;200;70,5;59;0;50,7;spacesAvailable;2026-09-17 05:14:35;0,9;
2026-09-17;06:16;2026-09-17 06:00;2026-09-17 04:16:17;NL-12_411;Maasvlakte Plaza Noord (Hormuzstraat);197;384;581;33,9;384;23;25,2;spacesAvailable;2026-09-17 06:13:57;2,3;groep 2 capaciteit wijkt af (452 i.p.v. 408)
2026-09-17;06:16;2026-09-17 06:00;2026-09-17 04:16:17;NL-12_418;Maasvlakte Plaza Zuid (Luzonstraat 6);90;110;200;45,0;110;0;28,7;spacesAvailable;2026-09-17 06:14:35;1,7;
2026-09-17;07:15;2026-09-17 07:00;2026-09-17 05:15:12;NL-12_411;Maasvlakte Plaza Noord (Hormuzstraat);124;457;581;21,3;457;12;17,4;spacesAvailable;2026-09-17 07:12:56;2,3;groep 2 capaciteit wijkt af (454 i.p.v. 408)
2026-09-17;07:15;2026-09-17 07:00;2026-09-17 05:15:12;NL-12_418;Maasvlakte Plaza Zuid (Luzonstraat 6);57;143;200;28,5;143;0;16,0;spacesAvailable;2026-09-17 07:13:35;1,6;
2026-09-17;08:20;2026-09-17 08:00;2026-09-17 06:20:32;NL-12_411;Maasvlakte Plaza Noord (Hormuzstraat);91;490;581;15,7;490;6;11,6;spacesAvailable;2026-09-17 08:18:56;1,6;groep 2 capaciteit wijkt af (448 i.p.v. 408)
2026-09-17;08:20;2026-09-17 08:00;2026-09-17 06:20:32;NL-12_418;Maasvlakte Plaza Zuid (Luzonstraat 6);57;143;200;28,5;143;0;14,0;spacesAvailable;2026-09-17 08:19:35;0,9;
2026-09-17;09:17;2026-09-17 09:00;2026-09-17 07:17:19;NL-12_411;Maasvlakte Plaza Noord (Hormuzstraat);88;493;581;15,1;493;6;8,6;spacesAvailable;2026-09-17 09:14:57;2,4;groep 2 capaciteit wijkt af (448 i.p.v. 408)
2026-09-17;09:17;2026-09-17 09:00;2026-09-17 07:17:19;NL-12_418;Maasvlakte Plaza Zuid (Luzonstraat 6);59;141;200;29,5;141;0;13,7;spacesAvailable;2026-09-17 09:15:35;1,7;
2026-09-17;10:17;2026-09-17 10:00;2026-09-17 08:17:31;NL-12_411;Maasvlakte Plaza Noord (Hormuzstraat);77;504;581;13,3;504;4;9,6;spacesAvailable;2026-09-17 10:15:57;1,6;groep 2 capaciteit wijkt af (450 i.p.v. 408)
2026-09-17;10:17;2026-09-17 10:00;2026-09-17 08:17:31;NL-12_418;Maasvlakte Plaza Zuid (Luzonstraat 6);57;143;200;28,5;143;0;13,3;spacesAvailable;2026-09-17 10:16:35;0,9;
2026-09-17;11:16;2026-09-17 11:00;2026-09-17 09:16:07;NL-12_411;Maasvlakte Plaza Noord (Hormuzstraat);73;508;581;12,6;508;5;7,2;spacesAvailable;2026-09-17 11:13:57;2,2;groep 2 capaciteit wijkt af (451 i.p.v. 408)
2026-09-17;11:16;2026-09-17 11:00;2026-09-17 09:16:07;NL-12_418;Maasvlakte Plaza Zuid (Luzonstraat 6);56;144;200;28,0;144;0;13,0;spacesAvailable;2026-09-17 11:14:35;1,5;
2026-09-17;12:15;2026-09-17 12:00;2026-09-17 10:15:38;NL-12_411;Maasvlakte Plaza Noord (Hormuzstraat);7;574;581;1,2;575;2;3,2;spacesAvailable;2026-09-17 12:13:57;1,7;groep 2 vrij > capaciteit | groep 2 capaciteit wijkt af (449 i.p.v. 408)
2026-09-17;12:15;2026-09-17 12:00;2026-09-17 10:15:38;NL-12_418;Maasvlakte Plaza Zuid (Luzonstraat 6);57;143;200;28,5;143;0;13,3;spacesAvailable;2026-09-17 12:14:35;1,1;
2026-09-17;13:15;2026-09-17 13:00;2026-09-17 11:15:02;NL-12_411;Maasvlakte Plaza Noord (Hormuzstraat);11;570;581;1,9;570;2;3,4;spacesAvailable;2026-09-17 13:12:57;2,1;groep 2 capaciteit wijkt af (449 i.p.v. 408)
2026-09-17;13:15;2026-09-17 13:00;2026-09-17 11:15:02;NL-12_418;Maasvlakte Plaza Zuid (Luzonstraat 6);53;147;200;26,5;147;0;11,7;spacesAvailable;2026-09-17 13:13:35;1,4;
2026-09-17;14:20;2026-09-17 14:00;2026-09-17 12:20:13;NL-12_411;Maasvlakte Plaza Noord (Hormuzstraat);66;515;581;11,4;515;1;4,0;spacesAvailable;2026-09-17 14:17:57;2,3;
2026-09-17;14:20;2026-09-17 14:00;2026-09-17 12:20:13;NL-12_418;Maasvlakte Plaza Zuid (Luzonstraat 6);56;144;200;28,0;144;0;13,0;spacesAvailable;2026-09-17 14:18:35;1,6;
2026-09-17;15:16;2026-09-17 15:00;2026-09-17 13:16:55;NL-12_411;Maasvlakte Plaza Noord (Hormuzstraat);83;498;581;14,3;498;4;5,8;spacesAvailable;2026-09-17 15:14:56;2,0;
2026-09-17;15:16;2026-09-17 15:00;2026-09-17 13:16:55;NL-12_418;Maasvlakte Plaza Zuid (Luzonstraat 6);44;156;200;22,0;156;0;9,0;spacesAvailable;2026-09-17 15:15:35;1,3;
2026-09-17;16:16;2026-09-17 16:00;2026-09-17 14:16:38;NL-12_411;Maasvlakte Plaza Noord (Hormuzstraat);108;473;581;18,6;473;3;9,6;spacesAvailable;2026-09-17 16:14:57;1,7;
2026-09-17;16:16;2026-09-17 16:00;2026-09-17 14:16:38;NL-12_418;Maasvlakte Plaza Zuid (Luzonstraat 6);60;140;200;30,0;140;0;12,3;spacesAvailable;2026-09-17 16:15:35;1,1;
2026-09-17;17:16;2026-09-17 17:00;2026-09-17 15:16:01;NL-12_411;Maasvlakte Plaza Noord (Hormuzstraat);170;411;581;29,3;411;6;14,0;spacesAvailable;2026-09-17 17:13:57;2,1;groep 2 capaciteit wijkt af (413 i.p.v. 408)
2026-09-17;17:16;2026-09-17 17:00;2026-09-17 15:16:01;NL-12_418;Maasvlakte Plaza Zuid (Luzonstraat 6);76;124;200;38,0;124;0;15,7;spacesAvailable;2026-09-17 17:14:35;1,4;
2026-09-17;18:16;2026-09-17 18:00;2026-09-17 16:16:35;NL-12_411;Maasvlakte Plaza Noord (Hormuzstraat);289;292;581;49,7;292;12;27,0;spacesAvailable;2026-09-17 18:14:57;1,6;
2026-09-17;18:16;2026-09-17 18:00;2026-09-17 16:16:35;NL-12_418;Maasvlakte Plaza Zuid (Luzonstraat 6);103;97;200;51,5;97;0;21,0;spacesAvailable;2026-09-17 18:15:35;1,0;
2026-09-17;19:13;2026-09-17 19:00;2026-09-17 17:13:29;NL-12_411;Maasvlakte Plaza Noord (Hormuzstraat);477;104;581;82,1;104;39;54,4;spacesAvailable;2026-09-17 19:10:57;2,5;groep 2 capaciteit wijkt af (433 i.p.v. 408)
2026-09-17;19:13;2026-09-17 19:00;2026-09-17 17:13:29;NL-12_418;Maasvlakte Plaza Zuid (Luzonstraat 6);170;30;200;85,0;30;0;50,0;spacesAvailable;2026-09-17 19:11:35;1,9;
2026-09-17;20:18;2026-09-17 20:00;2026-09-17 18:18:29;NL-12_411;Maasvlakte Plaza Noord (Hormuzstraat);581;0;581;100,0;0;86;80,0;full;2026-09-17 20:16:56;1,5;
2026-09-17;20:18;2026-09-17 20:00;2026-09-17 18:18:29;NL-12_418;Maasvlakte Plaza Zuid (Luzonstraat 6);200;0;200;100,0;0;0;66,7;full;2026-09-17 20:17:35;0,9;
2026-09-17;21:13;2026-09-17 21:00;2026-09-17 19:13:32;NL-12_411;Maasvlakte Plaza Noord (Hormuzstraat);581;0;581;100,0;0;86;80,0;full;2026-09-17 21:11:57;1,6;
2026-09-17;21:13;2026-09-17 21:00;2026-09-17 19:13:32;NL-12_418;Maasvlakte Plaza Zuid (Luzonstraat 6);200;0;200;100,0;0;0;66,7;full;2026-09-17 21:12:35;1,0;
2026-09-17;22:16;2026-09-17 22:00;2026-09-17 20:16:11;NL-12_411;Maasvlakte Plaza Noord (Hormuzstraat);579;2;581;99,7;2;86;80,0;spacesAvailable;2026-09-17 22:13:57;2,2;
2026-09-17;22:16;2026-09-17 22:00;2026-09-17 20:16:11;NL-12_418;Maasvlakte Plaza Zuid (Luzonstraat 6);200;0;200;100,0;0;0;66,7;full;2026-09-17 22:14:35;1,6;
2026-09-17;23:15;2026-09-17 23:00;2026-09-17 21:15:13;NL-12_411;Maasvlakte Plaza Noord (Hormuzstraat);581;0;581;100,0;0;86;80,0;full;2026-09-17 23:12:56;2,3;
2026-09-17;23:15;2026-09-17 23:00;2026-09-17 21:15:13;NL-12_418;Maasvlakte Plaza Zuid (Luzonstraat 6);199;1;200;99,5;1;0;66,7;spacesAvailable;2026-09-17 23:13:35;1,6;
2026-09-18;00:14;2026-09-18 00:00;2026-09-17 22:14:39;NL-12_411;Maasvlakte Plaza Noord (Hormuzstraat);581;0;581;100,0;0;86;80,0;full;2026-09-18 00:12:56;1,7;
2026-09-18;00:14;2026-09-18 00:00;2026-09-17 22:14:39;NL-12_418;Maasvlakte Plaza Zuid (Luzonstraat 6);199;1;200;99,5;1;0;66,7;spacesAvailable;2026-09-18 00:13:35;1,1;
2026-09-18;01:12;2026-09-18 01:00;2026-09-17 23:12:23;NL-12_411;Maasvlakte Plaza Noord (Hormuzstraat);578;3;581;99,5;3;86;77,8;spacesAvailable;2026-09-18 01:09:56;2,4;
2026-09-18;01:12;2026-09-18 01:00;2026-09-17 23:12:23;NL-12_418;Maasvlakte Plaza Zuid (Luzonstraat 6);199;1;200;99,5;1;0;66,7;spacesAvailable;2026-09-18 01:10:35;1,8;
2026-09-18;02:21;2026-09-18 02:00;2026-09-18 00:21:10;NL-12_411;Maasvlakte Plaza Noord (Hormuzstraat);568;13;581;97,8;13;85;77,0;spacesAvailable;2026-09-18 02:18:57;2,2;
2026-09-18;02:21;2026-09-18 02:00;2026-09-18 00:21:10;NL-12_418;Maasvlakte Plaza Zuid (Luzonstraat 6);195;5;200;97,5;5;0;65,7;spacesAvailable;2026-09-18 02:19:35;1,6;
2026-09-18;03:14;2026-09-18 03:00;2026-09-18 01:14:15;NL-12_411;Maasvlakte Plaza Noord (Hormuzstraat);552;29;581;95,0;29;84;76,0;spacesAvailable;2026-09-18 03:11:57;2,3;
2026-09-18;03:14;2026-09-18 03:00;2026-09-18 01:14:15;NL-12_418;Maasvlakte Plaza Zuid (Luzonstraat 6);183;17;200;91,5;17;0;63,3;spacesAvailable;2026-09-18 03:12:35;1,7;groep 2 capaciteit wijkt af (170 i.p.v. 164)
2026-09-18;04:15;2026-09-18 04:00;2026-09-18 02:15:04;NL-12_411;Maasvlakte Plaza Noord (Hormuzstraat);458;123;581;78,8;123;78;66,6;spacesAvailable;2026-09-18 04:12:57;2,1;groep 2 capaciteit wijkt af (427 i.p.v. 408)
2026-09-18;04:15;2026-09-18 04:00;2026-09-18 02:15:04;NL-12_418;Maasvlakte Plaza Zuid (Luzonstraat 6);160;40;200;80,0;40;0;58,3;spacesAvailable;2026-09-18 04:13:35;1,5;groep 2 capaciteit wijkt af (170 i.p.v. 164)
2026-09-18;05:15;2026-09-18 05:00;2026-09-18 03:15:04;NL-12_411;Maasvlakte Plaza Noord (Hormuzstraat);325;256;581;55,9;256;55;49,2;spacesAvailable;2026-09-18 05:12:56;2,1;groep 2 capaciteit wijkt af (423 i.p.v. 408)
2026-09-18;05:15;2026-09-18 05:00;2026-09-18 03:15:04;NL-12_418;Maasvlakte Plaza Zuid (Luzonstraat 6);107;93;200;53,5;93;0;38,0;spacesAvailable;2026-09-18 05:13:35;1,5;
2026-09-18;06:15;2026-09-18 06:00;2026-09-18 04:15:10;NL-12_411;Maasvlakte Plaza Noord (Hormuzstraat);188;393;581;32,4;393;37;30,8;spacesAvailable;2026-09-18 06:12:56;2,2;groep 2 capaciteit wijkt af (416 i.p.v. 408)
2026-09-18;06:15;2026-09-18 06:00;2026-09-18 04:15:10;NL-12_418;Maasvlakte Plaza Zuid (Luzonstraat 6);68;132;200;34,0;132;0;22,7;spacesAvailable;2026-09-18 06:13:35;1,6;
2026-09-18;07:13;2026-09-18 07:00;2026-09-18 05:13:57;NL-12_411;Maasvlakte Plaza Noord (Hormuzstraat);95;486;581;16,4;486;14;11,4;spacesAvailable;2026-09-18 07:11:56;2,0;groep 2 capaciteit wijkt af (419 i.p.v. 408)
2026-09-18;07:13;2026-09-18 07:00;2026-09-18 05:13:57;NL-12_418;Maasvlakte Plaza Zuid (Luzonstraat 6);54;146;200;27,0;146;0;15,3;spacesAvailable;2026-09-18 07:12:35;1,4;
2026-09-18;08:19;2026-09-18 08:00;2026-09-18 06:19:31;NL-12_411;Maasvlakte Plaza Noord (Hormuzstraat);58;523;581;10,0;524;6;4,8;spacesAvailable;2026-09-18 08:17:56;1,6;groep 2 capaciteit wijkt af (419 i.p.v. 408) | groep 3 vrij > capaciteit
2026-09-18;08:19;2026-09-18 08:00;2026-09-18 06:19:31;NL-12_418;Maasvlakte Plaza Zuid (Luzonstraat 6);42;158;200;21,0;158;0;10,0;spacesAvailable;2026-09-18 08:18:35;0,9;
2026-09-18;09:15;2026-09-18 09:00;2026-09-18 07:15:26;NL-12_411;Maasvlakte Plaza Noord (Hormuzstraat);75;506;581;12,9;506;7;5,4;spacesAvailable;2026-09-18 09:12:57;2,5;
2026-09-18;09:15;2026-09-18 09:00;2026-09-18 07:15:26;NL-12_418;Maasvlakte Plaza Zuid (Luzonstraat 6);48;152;200;24,0;152;0;9,7;spacesAvailable;2026-09-18 09:13:35;1,8;
2026-09-18;10:16;2026-09-18 10:00;2026-09-18 08:16:20;NL-12_411;Maasvlakte Plaza Noord (Hormuzstraat);70;511;581;12,0;511;5;4,6;spacesAvailable;2026-09-18 10:13:57;2,4;
2026-09-18;10:16;2026-09-18 10:00;2026-09-18 08:16:20;NL-12_418;Maasvlakte Plaza Zuid (Luzonstraat 6);51;149;200;25,5;149;0;10,3;spacesAvailable;2026-09-18 10:14:35;1,8;
2026-09-18;11:15;2026-09-18 11:00;2026-09-18 09:15:04;NL-12_411;Maasvlakte Plaza Noord (Hormuzstraat);77;504;581;13,3;504;5;8,4;spacesAvailable;2026-09-18 11:12:56;2,1;
2026-09-18;11:15;2026-09-18 11:00;2026-09-18 09:15:04;NL-12_418;Maasvlakte Plaza Zuid (Luzonstraat 6);46;154;200;23,0;154;0;9,3;spacesAvailable;2026-09-18 11:13:35;1,5;
2026-09-18;12:15;2026-09-18 12:00;2026-09-18 10:15:41;NL-12_411;Maasvlakte Plaza Noord (Hormuzstraat);75;506;581;12,9;506;4;8,0;spacesAvailable;2026-09-18 12:13:57;1,7;
2026-09-18;12:15;2026-09-18 12:00;2026-09-18 10:15:41;NL-12_418;Maasvlakte Plaza Zuid (Luzonstraat 6);44;156;200;22,0;156;0;9,0;spacesAvailable;2026-09-18 12:14:35;1,1;
2026-09-18;13:14;2026-09-18 13:00;2026-09-18 11:14:21;NL-12_411;Maasvlakte Plaza Noord (Hormuzstraat);77;504;581;13,3;504;5;5,0;spacesAvailable;2026-09-18 13:11:57;2,4;
2026-09-18;13:14;2026-09-18 13:00;2026-09-18 11:14:21;NL-12_418;Maasvlakte Plaza Zuid (Luzonstraat 6);50;150;200;25,0;150;0;11,0;spacesAvailable;2026-09-18 13:12:35;1,8;
2026-09-18;14:18;2026-09-18 14:00;2026-09-18 12:18:44;NL-12_411;Maasvlakte Plaza Noord (Hormuzstraat);75;506;581;12,9;506;3;4,6;spacesAvailable;2026-09-18 14:16:56;1,8;
2026-09-18;14:18;2026-09-18 14:00;2026-09-18 12:18:44;NL-12_418;Maasvlakte Plaza Zuid (Luzonstraat 6);51;149;200;25,5;149;0;11,0;spacesAvailable;2026-09-18 14:17:35;1,1;
2026-09-18;15:14;2026-09-18 15:00;2026-09-18 13:14:26;NL-12_411;Maasvlakte Plaza Noord (Hormuzstraat);96;485;581;16,5;485;3;5,8;spacesAvailable;2026-09-18 15:11:56;2,5;
2026-09-18;15:14;2026-09-18 15:00;2026-09-18 13:14:26;NL-12_418;Maasvlakte Plaza Zuid (Luzonstraat 6);63;137;200;31,5;137;0;13,7;spacesAvailable;2026-09-18 15:12:35;1,8;
2026-09-18;16:15;2026-09-18 16:00;2026-09-18 14:15:21;NL-12_411;Maasvlakte Plaza Noord (Hormuzstraat);113;468;581;19,4;468;5;10,6;spacesAvailable;2026-09-18 16:12:57;2,4;
2026-09-18;16:15;2026-09-18 16:00;2026-09-18 14:15:21;NL-12_418;Maasvlakte Plaza Zuid (Luzonstraat 6);75;125;200;37,5;125;0;15,3;spacesAvailable;2026-09-18 16:13:35;1,8;
2026-09-18;17:14;2026-09-18 17:00;2026-09-18 15:14:49;NL-12_411;Maasvlakte Plaza Noord (Hormuzstraat);139;442;581;23,9;442;6;12,8;spacesAvailable;2026-09-18 17:12:56;1,9;
2026-09-18;17:14;2026-09-18 17:00;2026-09-18 15:14:49;NL-12_418;Maasvlakte Plaza Zuid (Luzonstraat 6);84;116;200;42,0;116;0;17,0;spacesAvailable;2026-09-18 17:13:35;1,2;
2026-09-18;18:14;2026-09-18 18:00;2026-09-18 16:14:22;NL-12_411;Maasvlakte Plaza Noord (Hormuzstraat);189;392;581;32,5;392;7;19,0;spacesAvailable;2026-09-18 18:11:57;2,4;
2026-09-18;18:14;2026-09-18 18:00;2026-09-18 16:14:22;NL-12_418;Maasvlakte Plaza Zuid (Luzonstraat 6);91;109;200;45,5;109;0;18,3;spacesAvailable;2026-09-18 18:12:35;1,8;
2026-09-18;19:13;2026-09-18 19:00;2026-09-18 17:13:20;NL-12_411;Maasvlakte Plaza Noord (Hormuzstraat);253;328;581;43,5;328;7;29,0;spacesAvailable;2026-09-18 19:10:56;2,4;
2026-09-18;19:13;2026-09-18 19:00;2026-09-18 17:13:20;NL-12_418;Maasvlakte Plaza Zuid (Luzonstraat 6);127;73;200;63,5;73;0;26,7;spacesAvailable;2026-09-18 19:11:35;1,8;
2026-09-18;20:16;2026-09-18 20:00;2026-09-18 18:16:55;NL-12_411;Maasvlakte Plaza Noord (Hormuzstraat);339;242;581;58,3;242;11;38,8;spacesAvailable;2026-09-18 20:14:56;2,0;groep 2 capaciteit wijkt af (417 i.p.v. 408)
2026-09-18;20:16;2026-09-18 20:00;2026-09-18 18:16:55;NL-12_418;Maasvlakte Plaza Zuid (Luzonstraat 6);168;32;200;84,0;32;0;49,0;spacesAvailable;2026-09-18 20:15:35;1,3;groep 2 capaciteit wijkt af (178 i.p.v. 164)
2026-09-18;21:14;2026-09-18 21:00;2026-09-18 19:14:16;NL-12_411;Maasvlakte Plaza Noord (Hormuzstraat);419;162;581;72,1;162;13;51,4;spacesAvailable;2026-09-18 21:11:56;2,3;groep 2 capaciteit wijkt af (426 i.p.v. 408) | groep 4 capaciteit wijkt af (86 i.p.v. 77)
2026-09-18;21:14;2026-09-18 21:00;2026-09-18 19:14:16;NL-12_418;Maasvlakte Plaza Zuid (Luzonstraat 6);194;6;200;97,0;6;0;63,7;spacesAvailable;2026-09-18 21:12:35;1,7;
2026-09-18;22:15;2026-09-18 22:00;2026-09-18 20:15:02;NL-12_411;Maasvlakte Plaza Noord (Hormuzstraat);463;118;581;79,7;118;29;57,4;spacesAvailable;2026-09-18 22:12:56;2,1;groep 2 capaciteit wijkt af (421 i.p.v. 408)
2026-09-18;22:15;2026-09-18 22:00;2026-09-18 20:15:02;NL-12_418;Maasvlakte Plaza Zuid (Luzonstraat 6);200;0;200;100,0;0;0;66,7;full;2026-09-18 22:13:35;1,5;
2026-09-18;23:14;2026-09-18 23:00;2026-09-18 21:14:15;NL-12_411;Maasvlakte Plaza Noord (Hormuzstraat);481;100;581;82,8;100;38;60,0;spacesAvailable;2026-09-18 23:11:56;2,3;groep 2 capaciteit wijkt af (417 i.p.v. 408)
2026-09-18;23:14;2026-09-18 23:00;2026-09-18 21:14:15;NL-12_418;Maasvlakte Plaza Zuid (Luzonstraat 6);200;0;200;100,0;0;0;66,7;full;2026-09-18 23:12:35;1,7;
2026-09-19;00:14;2026-09-19 00:00;2026-09-18 22:14:40;NL-12_411;Maasvlakte Plaza Noord (Hormuzstraat);495;86;581;85,2;86;45;62,0;spacesAvailable;2026-09-19 00:12:56;1,7;groep 2 capaciteit wijkt af (430 i.p.v. 408)
2026-09-19;00:14;2026-09-19 00:00;2026-09-18 22:14:40;NL-12_418;Maasvlakte Plaza Zuid (Luzonstraat 6);200;0;200;100,0;0;0;66,7;full;2026-09-19 00:13:35;1,1;
2026-09-19;01:14;2026-09-19 01:00;2026-09-18 23:14:02;NL-12_411;Maasvlakte Plaza Noord (Hormuzstraat);494;87;581;85,0;87;45;62,0;spacesAvailable;2026-09-19 01:11:56;2,1;groep 2 capaciteit wijkt af (440 i.p.v. 408)
2026-09-19;01:14;2026-09-19 01:00;2026-09-18 23:14:02;NL-12_418;Maasvlakte Plaza Zuid (Luzonstraat 6);200;0;200;100,0;0;0;66,7;full;2026-09-19 01:12:35;1,5;
2026-09-19;02:20;2026-09-19 02:00;2026-09-19 00:20:39;NL-12_411;Maasvlakte Plaza Noord (Hormuzstraat);489;92;581;84,2;92;45;61,6;spacesAvailable;2026-09-19 02:18:57;1,7;
2026-09-19;02:20;2026-09-19 02:00;2026-09-19 00:20:39;NL-12_418;Maasvlakte Plaza Zuid (Luzonstraat 6);199;1;200;99,5;1;0;66,7;spacesAvailable;2026-09-19 02:19:35;1,1;
2026-09-19;03:12;2026-09-19 03:00;2026-09-19 01:12:44;NL-12_411;Maasvlakte Plaza Noord (Hormuzstraat);483;98;581;83,1;98;45;61,4;spacesAvailable;2026-09-19 03:10:57;1,8;groep 2 capaciteit wijkt af (423 i.p.v. 408)
2026-09-19;03:12;2026-09-19 03:00;2026-09-19 01:12:44;NL-12_418;Maasvlakte Plaza Zuid (Luzonstraat 6);195;5;200;97,5;5;0;65,7;spacesAvailable;2026-09-19 03:11:35;1,1;
2026-09-19;04:14;2026-09-19 04:00;2026-09-19 02:14:47;NL-12_411;Maasvlakte Plaza Noord (Hormuzstraat);462;119;581;79,5;119;44;60,2;spacesAvailable;2026-09-19 04:12:57;1,8;groep 2 capaciteit wijkt af (417 i.p.v. 408)
2026-09-19;04:14;2026-09-19 04:00;2026-09-19 02:14:47;NL-12_418;Maasvlakte Plaza Zuid (Luzonstraat 6);187;13;200;93,5;13;0;64,0;spacesAvailable;2026-09-19 04:13:35;1,2;
2026-09-19;05:14;2026-09-19 05:00;2026-09-19 03:14:47;NL-12_411;Maasvlakte Plaza Noord (Hormuzstraat);426;155;581;73,3;155;44;57,6;spacesAvailable;2026-09-19 05:12:57;1,8;groep 2 capaciteit wijkt af (412 i.p.v. 408)
2026-09-19;05:14;2026-09-19 05:00;2026-09-19 03:14:47;NL-12_418;Maasvlakte Plaza Zuid (Luzonstraat 6);171;29;200;85,5;29;0;58,0;spacesAvailable;2026-09-19 05:13:35;1,2;
2026-09-19;06:14;2026-09-19 06:00;2026-09-19 04:14:53;NL-12_411;Maasvlakte Plaza Noord (Hormuzstraat);355;226;581;61,1;226;39;44,6;spacesAvailable;2026-09-19 06:12:56;1,9;groep 2 capaciteit wijkt af (413 i.p.v. 408)
2026-09-19;06:14;2026-09-19 06:00;2026-09-19 04:14:53;NL-12_418;Maasvlakte Plaza Zuid (Luzonstraat 6);148;52;200;74,0;52;0;50,3;spacesAvailable;2026-09-19 06:13:35;1,3;
2026-09-19;07:13;2026-09-19 07:00;2026-09-19 05:13:29;NL-12_411;Maasvlakte Plaza Noord (Hormuzstraat);280;301;581;48,2;301;33;35,4;spacesAvailable;2026-09-19 07:11:57;1,5;
2026-09-19;07:13;2026-09-19 07:00;2026-09-19 05:13:29;NL-12_418;Maasvlakte Plaza Zuid (Luzonstraat 6);134;66;200;67,0;66;0;44,7;spacesAvailable;2026-09-19 07:12:35;0,9;
2026-09-19;08:19;2026-09-19 08:00;2026-09-19 06:19:05;NL-12_411;Maasvlakte Plaza Noord (Hormuzstraat);248;333;581;42,7;333;26;30,6;spacesAvailable;2026-09-19 08:16:56;2,1;
2026-09-19;08:19;2026-09-19 08:00;2026-09-19 06:19:05;NL-12_418;Maasvlakte Plaza Zuid (Luzonstraat 6);135;65;200;67,5;65;0;41,3;spacesAvailable;2026-09-19 08:17:35;1,5;
2026-09-19;09:13;2026-09-19 09:00;2026-09-19 07:13:23;NL-12_411;Maasvlakte Plaza Noord (Hormuzstraat);224;357;581;38,6;357;21;27,6;spacesAvailable;2026-09-19 09:10:57;2,4;groep 2 capaciteit wijkt af (412 i.p.v. 408)
2026-09-19;09:13;2026-09-19 09:00;2026-09-19 07:13:23;NL-12_418;Maasvlakte Plaza Zuid (Luzonstraat 6);143;57;200;71,5;57;0;41,7;spacesAvailable;2026-09-19 09:11:35;1,8;
2026-09-19;10:15;2026-09-19 10:00;2026-09-19 08:15:54;NL-12_411;Maasvlakte Plaza Noord (Hormuzstraat);231;350;581;39,8;350;20;27,8;spacesAvailable;2026-09-19 10:13:57;2,0;groep 2 capaciteit wijkt af (412 i.p.v. 408)
2026-09-19;10:15;2026-09-19 10:00;2026-09-19 08:15:54;NL-12_418;Maasvlakte Plaza Zuid (Luzonstraat 6);144;56;200;72,0;56;0;41,0;spacesAvailable;2026-09-19 10:14:35;1,3;
2026-09-19;11:14;2026-09-19 11:00;2026-09-19 09:14:44;NL-12_411;Maasvlakte Plaza Noord (Hormuzstraat);252;329;581;43,4;329;23;29,2;spacesAvailable;2026-09-19 11:12:57;1,8;
2026-09-19;11:14;2026-09-19 11:00;2026-09-19 09:14:44;NL-12_418;Maasvlakte Plaza Zuid (Luzonstraat 6);172;28;200;86,0;28;0;51,3;spacesAvailable;2026-09-19 11:13:35;1,1;groep 2 capaciteit wijkt af (175 i.p.v. 164)
2026-09-19;12:14;2026-09-19 12:00;2026-09-19 10:14:31;NL-12_411;Maasvlakte Plaza Noord (Hormuzstraat);262;319;581;45,1;319;25;36,2;spacesAvailable;2026-09-19 12:12:56;1,6;
2026-09-19;12:14;2026-09-19 12:00;2026-09-19 10:14:31;NL-12_418;Maasvlakte Plaza Zuid (Luzonstraat 6);185;15;200;92,5;15;0;59,0;spacesAvailable;2026-09-19 12:13:35;0,9;
2026-09-19;13:13;2026-09-19 13:00;2026-09-19 11:13:24;NL-12_411;Maasvlakte Plaza Noord (Hormuzstraat);277;304;581;47,7;304;26;40,4;spacesAvailable;2026-09-19 13:10:56;2,5;
2026-09-19;13:13;2026-09-19 13:00;2026-09-19 11:13:24;NL-12_418;Maasvlakte Plaza Zuid (Luzonstraat 6);184;16;200;92,0;16;0;58,0;spacesAvailable;2026-09-19 13:11:35;1,8;
2026-09-19;14:18;2026-09-19 14:00;2026-09-19 12:18:34;NL-12_411;Maasvlakte Plaza Noord (Hormuzstraat);290;291;581;49,9;291;27;41,2;spacesAvailable;2026-09-19 14:16:57;1,6;
2026-09-19;14:18;2026-09-19 14:00;2026-09-19 12:18:34;NL-12_418;Maasvlakte Plaza Zuid (Luzonstraat 6);186;14;200;93,0;14;0;59,0;spacesAvailable;2026-09-19 14:17:35;1,0;
2026-09-19;15:14;2026-09-19 15:00;2026-09-19 13:14:37;NL-12_411;Maasvlakte Plaza Noord (Hormuzstraat);305;276;581;52,5;276;27;45,2;spacesAvailable;2026-09-19 15:12:57;1,7;groep 2 capaciteit wijkt af (415 i.p.v. 408)
2026-09-19;15:14;2026-09-19 15:00;2026-09-19 13:14:37;NL-12_418;Maasvlakte Plaza Zuid (Luzonstraat 6);194;6;200;97,0;6;0;63,7;spacesAvailable;2026-09-19 15:13:35;1,0;
2026-09-19;16:14;2026-09-19 16:00;2026-09-19 14:14:22;NL-12_411;Maasvlakte Plaza Noord (Hormuzstraat);307;274;581;52,8;274;27;45,2;spacesAvailable;2026-09-19 16:11:57;2,4;
2026-09-19;16:14;2026-09-19 16:00;2026-09-19 14:14:22;NL-12_418;Maasvlakte Plaza Zuid (Luzonstraat 6);197;3;200;98,5;3;0;65,7;spacesAvailable;2026-09-19 16:12:35;1,8;
2026-09-19;17:14;2026-09-19 17:00;2026-09-19 15:14:10;NL-12_411;Maasvlakte Plaza Noord (Hormuzstraat);312;269;581;53,7;269;28;45,6;spacesAvailable;2026-09-19 17:11:56;2,2;
2026-09-19;17:14;2026-09-19 17:00;2026-09-19 15:14:10;NL-12_418;Maasvlakte Plaza Zuid (Luzonstraat 6);200;0;200;100,0;0;0;66,7;full;2026-09-19 17:12:35;1,6;
2026-09-19;18:14;2026-09-19 18:00;2026-09-19 16:14:32;NL-12_411;Maasvlakte Plaza Noord (Hormuzstraat);317;264;581;54,6;264;30;46,2;spacesAvailable;2026-09-19 18:12:56;1,6;groep 2 capaciteit wijkt af (413 i.p.v. 408)
2026-09-19;18:14;2026-09-19 18:00;2026-09-19 16:14:32;NL-12_418;Maasvlakte Plaza Zuid (Luzonstraat 6);199;1;200;99,5;1;0;66,7;spacesAvailable;2026-09-19 18:13:35;0,9;
2026-09-19;19:12;2026-09-19 19:00;2026-09-19 17:12:49;NL-12_411;Maasvlakte Plaza Noord (Hormuzstraat);318;263;581;54,7;263;30;46,2;spacesAvailable;2026-09-19 19:10:56;1,9;
2026-09-19;19:12;2026-09-19 19:00;2026-09-19 17:12:49;NL-12_418;Maasvlakte Plaza Zuid (Luzonstraat 6);200;0;200;100,0;0;0;66,7;full;2026-09-19 19:11:35;1,2;
2026-09-19;20:16;2026-09-19 20:00;2026-09-19 18:16:31;NL-12_411;Maasvlakte Plaza Noord (Hormuzstraat);321;260;581;55,2;260;30;46,4;spacesAvailable;2026-09-19 20:14:57;1,6;groep 2 capaciteit wijkt af (414 i.p.v. 408)
2026-09-19;20:16;2026-09-19 20:00;2026-09-19 18:16:31;NL-12_418;Maasvlakte Plaza Zuid (Luzonstraat 6);197;3;200;98,5;3;0;65,7;spacesAvailable;2026-09-19 20:15:35;0,9;
2026-09-19;21:12;2026-09-19 21:00;2026-09-19 19:12:06;NL-12_411;Maasvlakte Plaza Noord (Hormuzstraat);323;258;581;55,6;258;30;46,4;spacesAvailable;2026-09-19 21:09:56;2,2;
2026-09-19;21:12;2026-09-19 21:00;2026-09-19 19:12:06;NL-12_418;Maasvlakte Plaza Zuid (Luzonstraat 6);197;3;200;98,5;3;0;65,7;spacesAvailable;2026-09-19 21:10:35;1,5;
2026-09-19;22:14;2026-09-19 22:00;2026-09-19 20:14:26;NL-12_411;Maasvlakte Plaza Noord (Hormuzstraat);325;256;581;55,9;256;30;46,6;spacesAvailable;2026-09-19 22:11:56;2,5;groep 2 capaciteit wijkt af (414 i.p.v. 408)
2026-09-19;22:14;2026-09-19 22:00;2026-09-19 20:14:26;NL-12_418;Maasvlakte Plaza Zuid (Luzonstraat 6);198;2;200;99,0;2;0;66,0;spacesAvailable;2026-09-19 22:12:35;1,8;
2026-09-19;23:14;2026-09-19 23:00;2026-09-19 21:14:09;NL-12_411;Maasvlakte Plaza Noord (Hormuzstraat);327;254;581;56,3;254;30;46,6;spacesAvailable;2026-09-19 23:11:56;2,2;
2026-09-19;23:14;2026-09-19 23:00;2026-09-19 21:14:09;NL-12_418;Maasvlakte Plaza Zuid (Luzonstraat 6);198;2;200;99,0;2;0;66,0;spacesAvailable;2026-09-19 23:12:35;1,6;
2026-09-20;00:14;2026-09-20 00:00;2026-09-19 22:14:18;NL-12_411;Maasvlakte Plaza Noord (Hormuzstraat);327;254;581;56,3;254;30;46,6;spacesAvailable;2026-09-20 00:11:56;2,4;
2026-09-20;00:14;2026-09-20 00:00;2026-09-19 22:14:18;NL-12_418;Maasvlakte Plaza Zuid (Luzonstraat 6);198;2;200;99,0;2;0;66,0;spacesAvailable;2026-09-20 00:12:35;1,7;
2026-09-20;01:13;2026-09-20 01:00;2026-09-19 23:13:01;NL-12_411;Maasvlakte Plaza Noord (Hormuzstraat);327;254;581;56,3;254;30;46,6;spacesAvailable;2026-09-20 01:10:56;2,1;
2026-09-20;01:13;2026-09-20 01:00;2026-09-19 23:13:01;NL-12_418;Maasvlakte Plaza Zuid (Luzonstraat 6);198;2;200;99,0;2;0;66,0;spacesAvailable;2026-09-20 01:11:35;1,4;
2026-09-20;02:22;2026-09-20 02:00;2026-09-20 00:22:01;NL-12_411;Maasvlakte Plaza Noord (Hormuzstraat);328;253;581;56,5;253;30;46,8;spacesAvailable;2026-09-20 02:19:56;2,1;groep 2 capaciteit wijkt af (417 i.p.v. 408)
2026-09-20;02:22;2026-09-20 02:00;2026-09-20 00:22:01;NL-12_418;Maasvlakte Plaza Zuid (Luzonstraat 6);198;2;200;99,0;2;0;66,0;spacesAvailable;2026-09-20 02:20:35;1,4;
2026-09-20;03:13;2026-09-20 03:00;2026-09-20 01:13:17;NL-12_411;Maasvlakte Plaza Noord (Hormuzstraat);328;253;581;56,5;253;30;46,8;spacesAvailable;2026-09-20 03:10:57;2,3;groep 2 capaciteit wijkt af (417 i.p.v. 408)
2026-09-20;03:13;2026-09-20 03:00;2026-09-20 01:13:17;NL-12_418;Maasvlakte Plaza Zuid (Luzonstraat 6);198;2;200;99,0;2;0;66,0;spacesAvailable;2026-09-20 03:11:35;1,7;
2026-09-20;04:15;2026-09-20 04:00;2026-09-20 02:15:06;NL-12_411;Maasvlakte Plaza Noord (Hormuzstraat);331;250;581;57,0;250;30;46,8;spacesAvailable;2026-09-20 04:12:56;2,2;
2026-09-20;04:15;2026-09-20 04:00;2026-09-20 02:15:06;NL-12_418;Maasvlakte Plaza Zuid (Luzonstraat 6);198;2;200;99,0;2;0;66,0;spacesAvailable;2026-09-20 04:13:35;1,5;
2026-09-20;05:15;2026-09-20 05:00;2026-09-20 03:15:19;NL-12_411;Maasvlakte Plaza Noord (Hormuzstraat);331;250;581;57,0;250;30;46,8;spacesAvailable;2026-09-20 05:12:57;2,4;
2026-09-20;05:15;2026-09-20 05:00;2026-09-20 03:15:19;NL-12_418;Maasvlakte Plaza Zuid (Luzonstraat 6);198;2;200;99,0;2;0;66,0;spacesAvailable;2026-09-20 05:13:35;1,7;
2026-09-20;06:15;2026-09-20 06:00;2026-09-20 04:15:10;NL-12_411;Maasvlakte Plaza Noord (Hormuzstraat);336;245;581;57,8;245;30;47,2;spacesAvailable;2026-09-20 06:12:56;2,2;groep 2 capaciteit wijkt af (418 i.p.v. 408)
2026-09-20;06:15;2026-09-20 06:00;2026-09-20 04:15:10;NL-12_418;Maasvlakte Plaza Zuid (Luzonstraat 6);200;0;200;100,0;0;0;66,7;full;2026-09-20 06:13:35;1,6;
2026-09-20;07:14;2026-09-20 07:00;2026-09-20 05:14:03;NL-12_411;Maasvlakte Plaza Noord (Hormuzstraat);336;245;581;57,8;245;30;47,2;spacesAvailable;2026-09-20 07:11:57;2,1;groep 2 capaciteit wijkt af (418 i.p.v. 408)
2026-09-20;07:14;2026-09-20 07:00;2026-09-20 05:14:03;NL-12_418;Maasvlakte Plaza Zuid (Luzonstraat 6);200;0;200;100,0;0;0;66,7;full;2026-09-20 07:12:35;1,5;
2026-09-20;08:18;2026-09-20 08:00;2026-09-20 06:18:40;NL-12_411;Maasvlakte Plaza Noord (Hormuzstraat);339;242;581;58,3;242;30;47,2;spacesAvailable;2026-09-20 08:16:57;1,7;
2026-09-20;08:18;2026-09-20 08:00;2026-09-20 06:18:40;NL-12_418;Maasvlakte Plaza Zuid (Luzonstraat 6);200;0;200;100,0;0;0;66,7;full;2026-09-20 08:17:35;1,1;
2026-09-20;09:13;2026-09-20 09:00;2026-09-20 07:13:45;NL-12_411;Maasvlakte Plaza Noord (Hormuzstraat);340;241;581;58,5;241;30;47,2;spacesAvailable;2026-09-20 09:11:56;1,8;
2026-09-20;09:13;2026-09-20 09:00;2026-09-20 07:13:45;NL-12_418;Maasvlakte Plaza Zuid (Luzonstraat 6);200;0;200;100,0;0;0;66,7;full;2026-09-20 09:12:35;1,2;
2026-09-20;10:15;2026-09-20 10:00;2026-09-20 08:15:16;NL-12_411;Maasvlakte Plaza Noord (Hormuzstraat);352;229;581;60,6;229;30;48,2;spacesAvailable;2026-09-20 10:12:56;2,3;
2026-09-20;10:15;2026-09-20 10:00;2026-09-20 08:15:16;NL-12_418;Maasvlakte Plaza Zuid (Luzonstraat 6);200;0;200;100,0;0;0;66,7;full;2026-09-20 10:13:35;1,7;
2026-09-20;11:14;2026-09-20 11:00;2026-09-20 09:14:25;NL-12_411;Maasvlakte Plaza Noord (Hormuzstraat);354;227;581;60,9;227;30;48,4;spacesAvailable;2026-09-20 11:11:56;2,5;groep 2 capaciteit wijkt af (417 i.p.v. 408)
2026-09-20;11:14;2026-09-20 11:00;2026-09-20 09:14:25;NL-12_418;Maasvlakte Plaza Zuid (Luzonstraat 6);199;1;200;99,5;1;0;66,7;spacesAvailable;2026-09-20 11:12:35;1,8;
2026-09-20;12:14;2026-09-20 12:00;2026-09-20 10:14:30;NL-12_411;Maasvlakte Plaza Noord (Hormuzstraat);355;226;581;61,1;226;30;45,2;spacesAvailable;2026-09-20 12:12:56;1,6;
2026-09-20;12:14;2026-09-20 12:00;2026-09-20 10:14:30;NL-12_418;Maasvlakte Plaza Zuid (Luzonstraat 6);198;2;200;99,0;2;0;66,3;spacesAvailable;2026-09-20 12:13:35;0,9;
2026-09-20;13:13;2026-09-20 13:00;2026-09-20 11:13:31;NL-12_411;Maasvlakte Plaza Noord (Hormuzstraat);354;227;581;60,9;227;30;45,2;spacesAvailable;2026-09-20 13:11:57;1,6;groep 2 capaciteit wijkt af (414 i.p.v. 408)
2026-09-20;13:13;2026-09-20 13:00;2026-09-20 11:13:31;NL-12_418;Maasvlakte Plaza Zuid (Luzonstraat 6);196;4;200;98,0;4;0;66,0;spacesAvailable;2026-09-20 13:12:35;0,9;
2026-09-20;14:18;2026-09-20 14:00;2026-09-20 12:18:30;NL-12_411;Maasvlakte Plaza Noord (Hormuzstraat);354;227;581;60,9;227;30;45,2;spacesAvailable;2026-09-20 14:16:56;1,6;groep 2 capaciteit wijkt af (414 i.p.v. 408)
2026-09-20;14:18;2026-09-20 14:00;2026-09-20 12:18:30;NL-12_418;Maasvlakte Plaza Zuid (Luzonstraat 6);194;6;200;97,0;6;0;65,7;spacesAvailable;2026-09-20 14:17:35;0,9;
2026-09-20;15:13;2026-09-20 15:00;2026-09-20 13:13:27;NL-12_411;Maasvlakte Plaza Noord (Hormuzstraat);347;234;581;59,7;234;30;44,8;spacesAvailable;2026-09-20 15:10:56;2,5;
2026-09-20;15:13;2026-09-20 15:00;2026-09-20 13:13:27;NL-12_418;Maasvlakte Plaza Zuid (Luzonstraat 6);195;5;200;97,5;5;0;65,3;spacesAvailable;2026-09-20 15:11:35;1,9;
2026-09-20;16:14;2026-09-20 16:00;2026-09-20 14:14:16;NL-12_411;Maasvlakte Plaza Noord (Hormuzstraat);341;240;581;58,7;240;30;44,6;spacesAvailable;2026-09-20 16:11:57;2,3;groep 2 capaciteit wijkt af (416 i.p.v. 408)
2026-09-20;16:14;2026-09-20 16:00;2026-09-20 14:14:16;NL-12_418;Maasvlakte Plaza Zuid (Luzonstraat 6);195;5;200;97,5;5;0;65,3;spacesAvailable;2026-09-20 16:12:35;1,7;
2026-09-20;17:14;2026-09-20 17:00;2026-09-20 15:14:21;NL-12_411;Maasvlakte Plaza Noord (Hormuzstraat);340;241;581;58,5;241;31;44,8;spacesAvailable;2026-09-20 17:11:57;2,4;
2026-09-20;17:14;2026-09-20 17:00;2026-09-20 15:14:21;NL-12_418;Maasvlakte Plaza Zuid (Luzonstraat 6);184;16;200;92,0;16;0;63,3;spacesAvailable;2026-09-20 17:12:35;1,8;groep 2 capaciteit wijkt af (188 i.p.v. 164)
2026-09-20;18:15;2026-09-20 18:00;2026-09-20 16:15:03;NL-12_411;Maasvlakte Plaza Noord (Hormuzstraat);333;248;581;57,3;248;30;43,6;spacesAvailable;2026-09-20 18:12:56;2,1;
2026-09-20;18:15;2026-09-20 18:00;2026-09-20 16:15:03;NL-12_418;Maasvlakte Plaza Zuid (Luzonstraat 6);177;23;200;88,5;23;0;61,0;spacesAvailable;2026-09-20 18:13:35;1,5;groep 2 capaciteit wijkt af (175 i.p.v. 164)
2026-09-20;19:13;2026-09-20 19:00;2026-09-20 17:13:22;NL-12_411;Maasvlakte Plaza Noord (Hormuzstraat);332;249;581;57,1;249;31;40,4;spacesAvailable;2026-09-20 19:10:56;2,4;
2026-09-20;19:13;2026-09-20 19:00;2026-09-20 17:13:22;NL-12_418;Maasvlakte Plaza Zuid (Luzonstraat 6);167;33;200;83,5;33;0;55,3;spacesAvailable;2026-09-20 19:11:35;1,8;groep 2 capaciteit wijkt af (173 i.p.v. 164)
2026-09-20;20:16;2026-09-20 20:00;2026-09-20 18:16:35;NL-12_411;Maasvlakte Plaza Noord (Hormuzstraat);329;252;581;56,6;252;31;40,0;spacesAvailable;2026-09-20 20:14:57;1,6;groep 2 capaciteit wijkt af (415 i.p.v. 408)
2026-09-20;20:16;2026-09-20 20:00;2026-09-20 18:16:35;NL-12_418;Maasvlakte Plaza Zuid (Luzonstraat 6);166;34;200;83,0;34;0;55,0;spacesAvailable;2026-09-20 20:15:35;1,0;groep 2 capaciteit wijkt af (169 i.p.v. 164)
2026-09-20;21:12;2026-09-20 21:00;2026-09-20 19:12:19;NL-12_411;Maasvlakte Plaza Noord (Hormuzstraat);326;255;581;56,1;255;30;39,4;spacesAvailable;2026-09-20 21:09:57;2,4;
2026-09-20;21:12;2026-09-20 21:00;2026-09-20 19:12:19;NL-12_418;Maasvlakte Plaza Zuid (Luzonstraat 6);164;36;200;82,0;36;0;54,7;spacesAvailable;2026-09-20 21:10:35;1,7;groep 2 capaciteit wijkt af (171 i.p.v. 164)
2026-09-20;22:14;2026-09-20 22:00;2026-09-20 20:14:08;NL-12_411;Maasvlakte Plaza Noord (Hormuzstraat);329;252;581;56,6;252;30;39,6;spacesAvailable;2026-09-20 22:11:56;2,2;groep 2 capaciteit wijkt af (412 i.p.v. 408)
2026-09-20;22:14;2026-09-20 22:00;2026-09-20 20:14:08;NL-12_418;Maasvlakte Plaza Zuid (Luzonstraat 6);164;36;200;82,0;36;0;54,7;spacesAvailable;2026-09-20 22:12:35;1,6;groep 2 capaciteit wijkt af (171 i.p.v. 164)
2026-09-20;23:13;2026-09-20 23:00;2026-09-20 21:13:49;NL-12_411;Maasvlakte Plaza Noord (Hormuzstraat);332;249;581;57,1;249;30;39,8;spacesAvailable;2026-09-20 23:11:56;1,9;groep 2 capaciteit wijkt af (415 i.p.v. 408)
2026-09-20;23:13;2026-09-20 23:00;2026-09-20 21:13:49;NL-12_418;Maasvlakte Plaza Zuid (Luzonstraat 6);163;37;200;81,5;37;0;54,7;spacesAvailable;2026-09-20 23:12:35;1,2;groep 2 capaciteit wijkt af (176 i.p.v. 164)
2026-09-21;00:13;2026-09-21 00:00;2026-09-20 22:13:54;NL-12_411;Maasvlakte Plaza Noord (Hormuzstraat);331;250;581;57,0;250;30;39,8;spacesAvailable;2026-09-21 00:11:56;2,0;groep 2 capaciteit wijkt af (418 i.p.v. 408)
2026-09-21;00:13;2026-09-21 00:00;2026-09-20 22:13:54;NL-12_418;Maasvlakte Plaza Zuid (Luzonstraat 6);164;36;200;82,0;36;0;54,7;spacesAvailable;2026-09-21 00:12:35;1,3;groep 2 capaciteit wijkt af (171 i.p.v. 164)
2026-09-21;01:14;2026-09-21 01:00;2026-09-20 23:14:01;NL-12_411;Maasvlakte Plaza Noord (Hormuzstraat);331;250;581;57,0;250;30;39,8;spacesAvailable;2026-09-21 01:11:56;2,1;groep 2 capaciteit wijkt af (418 i.p.v. 408)
2026-09-21;01:14;2026-09-21 01:00;2026-09-20 23:14:01;NL-12_418;Maasvlakte Plaza Zuid (Luzonstraat 6);164;36;200;82,0;36;0;54,7;spacesAvailable;2026-09-21 01:12:35;1,4;groep 2 capaciteit wijkt af (171 i.p.v. 164)
2026-09-21;02:21;2026-09-21 02:00;2026-09-21 00:21:33;NL-12_411;Maasvlakte Plaza Noord (Hormuzstraat);331;250;581;57,0;250;30;39,8;spacesAvailable;2026-09-21 02:19:56;1,6;groep 2 capaciteit wijkt af (418 i.p.v. 408)
2026-09-21;02:21;2026-09-21 02:00;2026-09-21 00:21:33;NL-12_418;Maasvlakte Plaza Zuid (Luzonstraat 6);162;38;200;81,0;38;0;54,3;spacesAvailable;2026-09-21 02:20:35;1,0;groep 2 capaciteit wijkt af (172 i.p.v. 164)
2026-09-21;03:14;2026-09-21 03:00;2026-09-21 01:14:18;NL-12_411;Maasvlakte Plaza Noord (Hormuzstraat);324;257;581;55,8;257;28;39,0;spacesAvailable;2026-09-21 03:11:57;2,4;
2026-09-21;03:14;2026-09-21 03:00;2026-09-21 01:14:18;NL-12_418;Maasvlakte Plaza Zuid (Luzonstraat 6);160;40;200;80,0;40;0;54,0;spacesAvailable;2026-09-21 03:12:35;1,7;groep 2 capaciteit wijkt af (174 i.p.v. 164)
2026-09-21;04:15;2026-09-21 04:00;2026-09-21 02:15:06;NL-12_411;Maasvlakte Plaza Noord (Hormuzstraat);313;268;581;53,9;268;26;38,0;spacesAvailable;2026-09-21 04:12:56;2,2;
2026-09-21;04:15;2026-09-21 04:00;2026-09-21 02:15:06;NL-12_418;Maasvlakte Plaza Zuid (Luzonstraat 6);148;52;200;74,0;52;0;48,7;spacesAvailable;2026-09-21 04:13:35;1,5;groep 2 capaciteit wijkt af (171 i.p.v. 164)
2026-09-21;05:15;2026-09-21 05:00;2026-09-21 03:15:48;NL-12_411;Maasvlakte Plaza Noord (Hormuzstraat);295;286;581;50,8;286;25;36,6;spacesAvailable;2026-09-21 05:13:56;1,9;groep 2 capaciteit wijkt af (415 i.p.v. 408)
2026-09-21;05:15;2026-09-21 05:00;2026-09-21 03:15:48;NL-12_418;Maasvlakte Plaza Zuid (Luzonstraat 6);138;62;200;69,0;62;0;45,0;spacesAvailable;2026-09-21 05:14:35;1,2;groep 2 capaciteit wijkt af (169 i.p.v. 164)
2026-09-21;06:15;2026-09-21 06:00;2026-09-21 04:15:54;NL-12_411;Maasvlakte Plaza Noord (Hormuzstraat);264;317;581;45,4;317;23;33,6;spacesAvailable;2026-09-21 06:13:57;2,0;
2026-09-21;06:15;2026-09-21 06:00;2026-09-21 04:15:54;NL-12_418;Maasvlakte Plaza Zuid (Luzonstraat 6);129;71;200;64,5;71;0;40,3;spacesAvailable;2026-09-21 06:14:35;1,3;groep 2 capaciteit wijkt af (169 i.p.v. 164)
2026-09-21;07:15;2026-09-21 07:00;2026-09-21 05:15:09;NL-12_411;Maasvlakte Plaza Noord (Hormuzstraat);233;348;581;40,1;348;22;32,0;spacesAvailable;2026-09-21 07:12:57;2,2;
2026-09-21;07:15;2026-09-21 07:00;2026-09-21 05:15:09;NL-12_418;Maasvlakte Plaza Zuid (Luzonstraat 6);100;100;200;50,0;100;0;29,7;spacesAvailable;2026-09-21 07:13:35;1,6;groep 2 capaciteit wijkt af (169 i.p.v. 164)
2026-09-21;08:22;2026-09-21 08:00;2026-09-21 06:22:06;NL-12_411;Maasvlakte Plaza Noord (Hormuzstraat);165;416;581;28,4;416;10;21,4;spacesAvailable;2026-09-21 08:19:56;2,2;
2026-09-21;08:22;2026-09-21 08:00;2026-09-21 06:22:06;NL-12_418;Maasvlakte Plaza Zuid (Luzonstraat 6);78;122;200;39,0;122;0;20,7;spacesAvailable;2026-09-21 08:20:35;1,5;groep 2 capaciteit wijkt af (167 i.p.v. 164)
2026-09-21;09:16;2026-09-21 09:00;2026-09-21 07:16:45;NL-12_411;Maasvlakte Plaza Noord (Hormuzstraat);133;448;581;22,9;448;7;18,8;spacesAvailable;2026-09-21 09:14:57;1,8;
2026-09-21;09:16;2026-09-21 09:00;2026-09-21 07:16:45;NL-12_418;Maasvlakte Plaza Zuid (Luzonstraat 6);69;131;200;34,5;131;0;17,0;spacesAvailable;2026-09-21 09:15:35;1,2;
2026-09-21;10:17;2026-09-21 10:00;2026-09-21 08:17:11;NL-12_411;Maasvlakte Plaza Noord (Hormuzstraat);109;472;581;18,8;472;4;10,4;spacesAvailable;2026-09-21 10:14:57;2,2;
2026-09-21;10:17;2026-09-21 10:00;2026-09-21 08:17:11;NL-12_418;Maasvlakte Plaza Zuid (Luzonstraat 6);64;136;200;32,0;136;0;15,3;spacesAvailable;2026-09-21 10:15:35;1,6;
2026-09-21;11:16;2026-09-21 11:00;2026-09-21 09:16:10;NL-12_411;Maasvlakte Plaza Noord (Hormuzstraat);102;479;581;17,6;479;5;10,2;spacesAvailable;2026-09-21 11:13:57;2,2;
2026-09-21;11:16;2026-09-21 11:00;2026-09-21 09:16:10;NL-12_418;Maasvlakte Plaza Zuid (Luzonstraat 6);58;142;200;29,0;142;0;13,3;spacesAvailable;2026-09-21 11:14:35;1,6;
2026-09-21;12:15;2026-09-21 12:00;2026-09-21 10:15:21;NL-12_411;Maasvlakte Plaza Noord (Hormuzstraat);85;496;581;14,6;496;4;8,8;spacesAvailable;2026-09-21 12:12:56;2,4;
2026-09-21;12:15;2026-09-21 12:00;2026-09-21 10:15:21;NL-12_418;Maasvlakte Plaza Zuid (Luzonstraat 6);57;143;200;28,5;143;0;13,0;spacesAvailable;2026-09-21 12:13:35;1,8;
2026-09-21;13:15;2026-09-21 13:00;2026-09-21 11:15:01;NL-12_411;Maasvlakte Plaza Noord (Hormuzstraat);71;510;581;12,2;510;1;7,4;spacesAvailable;2026-09-21 13:12:56;2,1;
2026-09-21;13:15;2026-09-21 13:00;2026-09-21 11:15:01;NL-12_418;Maasvlakte Plaza Zuid (Luzonstraat 6);61;139;200;30,5;139;0;14,0;spacesAvailable;2026-09-21 13:13:35;1,4;
2026-09-21;14:18;2026-09-21 14:00;2026-09-21 12:18:33;NL-12_411;Maasvlakte Plaza Noord (Hormuzstraat);82;499;581;14,1;499;2;8,2;spacesAvailable;2026-09-21 14:16:57;1,6;
2026-09-21;14:18;2026-09-21 14:00;2026-09-21 12:18:33;NL-12_418;Maasvlakte Plaza Zuid (Luzonstraat 6);57;143;200;28,5;143;0;13,0;spacesAvailable;2026-09-21 14:17:35;1,0;
2026-09-21;15:14;2026-09-21 15:00;2026-09-21 13:14:35;NL-12_411;Maasvlakte Plaza Noord (Hormuzstraat);92;489;581;15,8;489;2;12,2;spacesAvailable;2026-09-21 15:12:57;1,6;
2026-09-21;15:14;2026-09-21 15:00;2026-09-21 13:14:35;NL-12_418;Maasvlakte Plaza Zuid (Luzonstraat 6);54;146;200;27,0;146;0;12,3;spacesAvailable;2026-09-21 15:13:35;1,0;
2026-09-21;16:15;2026-09-21 16:00;2026-09-21 14:15:22;NL-12_411;Maasvlakte Plaza Noord (Hormuzstraat);122;459;581;21,0;459;4;15,0;spacesAvailable;2026-09-21 16:12:56;2,4;
2026-09-21;16:15;2026-09-21 16:00;2026-09-21 14:15:22;NL-12_418;Maasvlakte Plaza Zuid (Luzonstraat 6);56;144;200;28,0;144;0;12,0;spacesAvailable;2026-09-21 16:13:35;1,8;
2026-09-21;17:13;2026-09-21 17:00;2026-09-21 15:13:53;NL-12_411;Maasvlakte Plaza Noord (Hormuzstraat);163;418;581;28,1;418;7;14,2;spacesAvailable;2026-09-21 17:11:56;1,9;
2026-09-21;17:13;2026-09-21 17:00;2026-09-21 15:13:53;NL-12_418;Maasvlakte Plaza Zuid (Luzonstraat 6);64;136;200;32,0;136;0;15,3;spacesAvailable;2026-09-21 17:12:35;1,3;
2026-09-21;18:16;2026-09-21 18:00;2026-09-21 16:16:00;NL-12_411;Maasvlakte Plaza Noord (Hormuzstraat);226;355;581;38,9;355;10;18,0;spacesAvailable;2026-09-21 18:13:56;2,1;
2026-09-21;18:16;2026-09-21 18:00;2026-09-21 16:16:00;NL-12_418;Maasvlakte Plaza Zuid (Luzonstraat 6);98;102;200;49,0;102;0;25,0;spacesAvailable;2026-09-21 18:14:35;1,4;
2026-09-21;19:12;2026-09-21 19:00;2026-09-21 17:12:31;NL-12_411;Maasvlakte Plaza Noord (Hormuzstraat);389;192;581;67,0;192;18;43,2;spacesAvailable;2026-09-21 19:10:56;1,6;groep 2 capaciteit wijkt af (417 i.p.v. 408)
2026-09-21;19:12;2026-09-21 19:00;2026-09-21 17:12:31;NL-12_418;Maasvlakte Plaza Zuid (Luzonstraat 6);124;76;200;62,0;76;0;29,0;spacesAvailable;2026-09-21 19:11:35;0,9;
2026-09-21;20:17;2026-09-21 20:00;2026-09-21 18:17:15;NL-12_411;Maasvlakte Plaza Noord (Hormuzstraat);547;34;581;94,1;34;72;66,0;spacesAvailable;2026-09-21 20:14:56;2,3;
2026-09-21;20:17;2026-09-21 20:00;2026-09-21 18:17:15;NL-12_418;Maasvlakte Plaza Zuid (Luzonstraat 6);200;0;200;100,0;0;0;66,7;full;2026-09-21 20:15:35;1,7;
2026-09-21;21:13;2026-09-21 21:00;2026-09-21 19:13:55;NL-12_411;Maasvlakte Plaza Noord (Hormuzstraat);581;0;581;100,0;0;86;80,0;full;2026-09-21 21:11:56;2,0;
2026-09-21;21:13;2026-09-21 21:00;2026-09-21 19:13:55;NL-12_418;Maasvlakte Plaza Zuid (Luzonstraat 6);200;0;200;100,0;0;0;66,7;full;2026-09-21 21:12:35;1,3;
2026-09-21;22:15;2026-09-21 22:00;2026-09-21 20:15:08;NL-12_411;Maasvlakte Plaza Noord (Hormuzstraat);581;0;581;100,0;0;86;80,0;full;2026-09-21 22:12:56;2,2;
2026-09-21;22:15;2026-09-21 22:00;2026-09-21 20:15:08;NL-12_418;Maasvlakte Plaza Zuid (Luzonstraat 6);200;0;200;100,0;0;0;66,7;full;2026-09-21 22:13:35;1,6;
2026-09-21;23:14;2026-09-21 23:00;2026-09-21 21:14:45;NL-12_411;Maasvlakte Plaza Noord (Hormuzstraat);573;8;581;98,6;8;85;79,4;spacesAvailable;2026-09-21 23:12:56;1,8;
2026-09-21;23:14;2026-09-21 23:00;2026-09-21 21:14:45;NL-12_418;Maasvlakte Plaza Zuid (Luzonstraat 6);200;0;200;100,0;0;0;66,7;full;2026-09-21 23:13:35;1,2;
2026-09-22;00:14;2026-09-22 00:00;2026-09-21 22:14:45;NL-12_411;Maasvlakte Plaza Noord (Hormuzstraat);580;1;581;99,8;1;86;80,0;spacesAvailable;2026-09-22 00:12:56;1,8;
2026-09-22;00:14;2026-09-22 00:00;2026-09-21 22:14:45;NL-12_418;Maasvlakte Plaza Zuid (Luzonstraat 6);200;0;200;100,0;0;0;66,7;full;2026-09-22 00:13:35;1,2;
2026-09-22;01:14;2026-09-22 01:00;2026-09-21 23:14:10;NL-12_411;Maasvlakte Plaza Noord (Hormuzstraat);580;1;581;99,8;1;86;80,0;spacesAvailable;2026-09-22 01:11:57;2,2;
2026-09-22;01:14;2026-09-22 01:00;2026-09-21 23:14:10;NL-12_418;Maasvlakte Plaza Zuid (Luzonstraat 6);199;1;200;99,5;1;0;66,7;spacesAvailable;2026-09-22 01:12:35;1,6;
2026-09-22;02:20;2026-09-22 02:00;2026-09-22 00:20:41;NL-12_411;Maasvlakte Plaza Noord (Hormuzstraat);575;6;581;99,0;6;86;79,8;spacesAvailable;2026-09-22 02:18:56;1,7;
2026-09-22;02:20;2026-09-22 02:00;2026-09-22 00:20:41;NL-12_418;Maasvlakte Plaza Zuid (Luzonstraat 6);199;1;200;99,5;1;0;66,7;spacesAvailable;2026-09-22 02:19:35;1,1;
2026-09-22;03:12;2026-09-22 03:00;2026-09-22 01:12:48;NL-12_411;Maasvlakte Plaza Noord (Hormuzstraat);572;9;581;98,5;9;85;79,6;spacesAvailable;2026-09-22 03:10:56;1,9;
2026-09-22;03:12;2026-09-22 03:00;2026-09-22 01:12:48;NL-12_418;Maasvlakte Plaza Zuid (Luzonstraat 6);194;6;200;97,0;6;0;65,0;spacesAvailable;2026-09-22 03:11:35;1,2;
2026-09-22;04:14;2026-09-22 04:00;2026-09-22 02:14:49;NL-12_411;Maasvlakte Plaza Noord (Hormuzstraat);520;61;581;89,5;61;82;75,6;spacesAvailable;2026-09-22 04:12:57;1,9;
2026-09-22;04:14;2026-09-22 04:00;2026-09-22 02:14:49;NL-12_418;Maasvlakte Plaza Zuid (Luzonstraat 6);174;26;200;87,0;26;0;61,0;spacesAvailable;2026-09-22 04:13:35;1,2;
2026-09-22;05:15;2026-09-22 05:00;2026-09-22 03:15:18;NL-12_411;Maasvlakte Plaza Noord (Hormuzstraat);407;174;581;70,1;174;73;60,0;spacesAvailable;2026-09-22 05:12:56;2,4;
2026-09-22;05:15;2026-09-22 05:00;2026-09-22 03:15:18;NL-12_418;Maasvlakte Plaza Zuid (Luzonstraat 6);126;74;200;63,0;74;0;44,0;spacesAvailable;2026-09-22 05:13:35;1,7;
2026-09-22;06:14;2026-09-22 06:00;2026-09-22 04:14:57;NL-12_411;Maasvlakte Plaza Noord (Hormuzstraat);226;355;581;38,9;355;25;28,4;spacesAvailable;2026-09-22 06:12:57;2,0;
2026-09-22;06:14;2026-09-22 06:00;2026-09-22 04:14:57;NL-12_418;Maasvlakte Plaza Zuid (Luzonstraat 6);94;106;200;47,0;106;0;31,0;spacesAvailable;2026-09-22 06:13:35;1,4;
2026-09-22;07:14;2026-09-22 07:00;2026-09-22 05:14:20;NL-12_411;Maasvlakte Plaza Noord (Hormuzstraat);148;433;581;25,5;433;14;16,4;spacesAvailable;2026-09-22 07:11:56;2,4;
2026-09-22;07:14;2026-09-22 07:00;2026-09-22 05:14:20;NL-12_418;Maasvlakte Plaza Zuid (Luzonstraat 6);67;133;200;33,5;133;0;19,0;spacesAvailable;2026-09-22 07:12:35;1,8;
2026-09-22;08:19;2026-09-22 08:00;2026-09-22 06:19:28;NL-12_411;Maasvlakte Plaza Noord (Hormuzstraat);132;449;581;22,7;449;9;10,8;spacesAvailable;2026-09-22 08:16:56;2,5;
2026-09-22;08:19;2026-09-22 08:00;2026-09-22 06:19:28;NL-12_418;Maasvlakte Plaza Zuid (Luzonstraat 6);62;138;200;31,0;138;0;14,3;spacesAvailable;2026-09-22 08:17:35;1,9;
2026-09-22;09:15;2026-09-22 09:00;2026-09-22 07:15:29;NL-12_411;Maasvlakte Plaza Noord (Hormuzstraat);111;470;581;19,1;470;4;7,8;spacesAvailable;2026-09-22 09:12:56;2,5;
2026-09-22;09:15;2026-09-22 09:00;2026-09-22 07:15:29;NL-12_418;Maasvlakte Plaza Zuid (Luzonstraat 6);56;144;200;28,0;144;0;12,3;spacesAvailable;2026-09-22 09:13:35;1,9;
2026-09-22;10:16;2026-09-22 10:00;2026-09-22 08:16:17;NL-12_411;Maasvlakte Plaza Noord (Hormuzstraat);110;471;581;18,9;471;4;7,6;spacesAvailable;2026-09-22 10:13:56;2,3;
2026-09-22;10:16;2026-09-22 10:00;2026-09-22 08:16:17;NL-12_418;Maasvlakte Plaza Zuid (Luzonstraat 6);59;141;200;29,5;141;0;12,0;spacesAvailable;2026-09-22 10:14:35;1,7;
2026-09-22;11:15;2026-09-22 11:00;2026-09-22 09:15:08;NL-12_411;Maasvlakte Plaza Noord (Hormuzstraat);94;487;581;16,2;487;1;5,8;spacesAvailable;2026-09-22 11:12:56;2,2;
2026-09-22;11:15;2026-09-22 11:00;2026-09-22 09:15:08;NL-12_418;Maasvlakte Plaza Zuid (Luzonstraat 6);48;152;200;24,0;152;0;9,7;spacesAvailable;2026-09-22 11:13:35;1,5;
2026-09-22;12:16;2026-09-22 12:00;2026-09-22 10:16:20;NL-12_411;Maasvlakte Plaza Noord (Hormuzstraat);94;487;581;16,2;487;1;5,8;spacesAvailable;2026-09-22 12:13:56;2,4;
2026-09-22;12:16;2026-09-22 12:00;2026-09-22 10:16:20;NL-12_418;Maasvlakte Plaza Zuid (Luzonstraat 6);50;150;200;25,0;150;0;10,0;spacesAvailable;2026-09-22 12:14:35;1,7;
2026-09-22;13:15;2026-09-22 13:00;2026-09-22 11:15:24;NL-12_411;Maasvlakte Plaza Noord (Hormuzstraat);93;488;581;16,0;488;0;8,2;spacesAvailable;2026-09-22 13:12:56;2,5;
2026-09-22;13:15;2026-09-22 13:00;2026-09-22 11:15:24;NL-12_418;Maasvlakte Plaza Zuid (Luzonstraat 6);48;152;200;24,0;152;0;9,7;spacesAvailable;2026-09-22 13:13:35;1,8;
2026-09-22;14:19;2026-09-22 14:00;2026-09-22 12:19:19;NL-12_411;Maasvlakte Plaza Noord (Hormuzstraat);109;472;581;18,8;472;0;5,8;spacesAvailable;2026-09-22 14:16:57;2,4;
2026-09-22;14:19;2026-09-22 14:00;2026-09-22 12:19:19;NL-12_418;Maasvlakte Plaza Zuid (Luzonstraat 6);45;155;200;22,5;155;0;9,0;spacesAvailable;2026-09-22 14:17:35;1,7;
2026-09-22;15:16;2026-09-22 15:00;2026-09-22 13:16:08;NL-12_411;Maasvlakte Plaza Noord (Hormuzstraat);117;464;581;20,1;464;1;6,4;spacesAvailable;2026-09-22 15:13:57;2,2;
2026-09-22;15:16;2026-09-22 15:00;2026-09-22 13:16:08;NL-12_418;Maasvlakte Plaza Zuid (Luzonstraat 6);47;153;200;23,5;153;0;9,3;spacesAvailable;2026-09-22 15:14:35;1,6;
2026-09-22;16:15;2026-09-22 16:00;2026-09-22 14:15:26;NL-12_411;Maasvlakte Plaza Noord (Hormuzstraat);140;441;581;24,1;441;2;8,2;spacesAvailable;2026-09-22 16:12:56;2,5;
2026-09-22;16:15;2026-09-22 16:00;2026-09-22 14:15:26;NL-12_418;Maasvlakte Plaza Zuid (Luzonstraat 6);50;150;200;25,0;150;0;11,0;spacesAvailable;2026-09-22 16:13:35;1,8;
2026-09-22;17:15;2026-09-22 17:00;2026-09-22 15:15:10;NL-12_411;Maasvlakte Plaza Noord (Hormuzstraat);205;376;581;35,3;376;5;13,0;spacesAvailable;2026-09-22 17:12:57;2,2;groep 2 capaciteit wijkt af (411 i.p.v. 408)
2026-09-22;17:15;2026-09-22 17:00;2026-09-22 15:15:10;NL-12_418;Maasvlakte Plaza Zuid (Luzonstraat 6);66;134;200;33,0;134;0;14,0;spacesAvailable;2026-09-22 17:13:35;1,6;
2026-09-22;18:15;2026-09-22 18:00;2026-09-22 16:15:41;NL-12_411;Maasvlakte Plaza Noord (Hormuzstraat);275;306;581;47,3;306;5;17,0;spacesAvailable;2026-09-22 18:13:56;1,7;groep 2 capaciteit wijkt af (416 i.p.v. 408)
2026-09-22;18:15;2026-09-22 18:00;2026-09-22 16:15:41;NL-12_418;Maasvlakte Plaza Zuid (Luzonstraat 6);93;107;200;46,5;107;0;19,7;spacesAvailable;2026-09-22 18:14:35;1,1;
2026-09-22;19:14;2026-09-22 19:00;2026-09-22 17:14:10;NL-12_411;Maasvlakte Plaza Noord (Hormuzstraat);447;134;581;76,9;134;25;42,8;spacesAvailable;2026-09-22 19:11:56;2,2;groep 2 capaciteit wijkt af (419 i.p.v. 408)
2026-09-22;19:14;2026-09-22 19:00;2026-09-22 17:14:10;NL-12_418;Maasvlakte Plaza Zuid (Luzonstraat 6);127;73;200;63,5;73;0;27,3;spacesAvailable;2026-09-22 19:12:35;1,6;
2026-09-22;20:18;2026-09-22 20:00;2026-09-22 18:18:42;NL-12_411;Maasvlakte Plaza Noord (Hormuzstraat);577;4;581;99,3;4;84;79,6;spacesAvailable;2026-09-22 20:16:56;1,8;
2026-09-22;20:18;2026-09-22 20:00;2026-09-22 18:18:42;NL-12_418;Maasvlakte Plaza Zuid (Luzonstraat 6);200;0;200;100,0;0;0;66,7;full;2026-09-22 20:17:35;1,1;
2026-09-22;21:13;2026-09-22 21:00;2026-09-22 19:13:18;NL-12_411;Maasvlakte Plaza Noord (Hormuzstraat);570;11;581;98,1;11;84;79,2;spacesAvailable;2026-09-22 21:10:56;2,4;
2026-09-22;21:13;2026-09-22 21:00;2026-09-22 19:13:18;NL-12_418;Maasvlakte Plaza Zuid (Luzonstraat 6);200;0;200;100,0;0;0;66,7;full;2026-09-22 21:11:35;1,7;
2026-09-22;22:14;2026-09-22 22:00;2026-09-22 20:14:49;NL-12_411;Maasvlakte Plaza Noord (Hormuzstraat);581;0;581;100,0;0;87;80,0;full;2026-09-22 22:12:56;1,9;
2026-09-22;22:14;2026-09-22 22:00;2026-09-22 20:14:49;NL-12_418;Maasvlakte Plaza Zuid (Luzonstraat 6);200;0;200;100,0;0;0;66,7;full;2026-09-22 22:13:35;1,2;
2026-09-22;23:13;2026-09-22 23:00;2026-09-22 21:13:42;NL-12_411;Maasvlakte Plaza Noord (Hormuzstraat);581;0;581;100,0;0;87;80,0;full;2026-09-22 23:11:56;1,8;
2026-09-22;23:13;2026-09-22 23:00;2026-09-22 21:13:42;NL-12_418;Maasvlakte Plaza Zuid (Luzonstraat 6);200;0;200;100,0;0;0;66,7;full;2026-09-22 23:12:35;1,1;
2026-09-23;00:14;2026-09-23 00:00;2026-09-22 22:14:08;NL-12_411;Maasvlakte Plaza Noord (Hormuzstraat);574;7;581;98,8;7;86;77,2;spacesAvailable;2026-09-23 00:11:57;2,2;
2026-09-23;00:14;2026-09-23 00:00;2026-09-22 22:14:08;NL-12_418;Maasvlakte Plaza Zuid (Luzonstraat 6);200;0;200;100,0;0;0;66,7;full;2026-09-23 00:12:35;1,5;
2026-09-23;01:13;2026-09-23 01:00;2026-09-22 23:13:13;NL-12_411;Maasvlakte Plaza Noord (Hormuzstraat);572;9;581;98,5;9;86;79,4;spacesAvailable;2026-09-23 01:10:56;2,3;
2026-09-23;01:13;2026-09-23 01:00;2026-09-22 23:13:13;NL-12_418;Maasvlakte Plaza Zuid (Luzonstraat 6);199;1;200;99,5;1;0;66,7;spacesAvailable;2026-09-23 01:11:35;1,6;
2026-09-23;02:20;2026-09-23 02:00;2026-09-23 00:20:06;NL-12_411;Maasvlakte Plaza Noord (Hormuzstraat);558;23;581;96,0;23;85;78,2;spacesAvailable;2026-09-23 02:17:56;2,2;
2026-09-23;02:20;2026-09-23 02:00;2026-09-23 00:20:06;NL-12_418;Maasvlakte Plaza Zuid (Luzonstraat 6);198;2;200;99,0;2;0;66,3;spacesAvailable;2026-09-23 02:18:35;1,5;
2026-09-23;03:13;2026-09-23 03:00;2026-09-23 01:13:58;NL-12_411;Maasvlakte Plaza Noord (Hormuzstraat);543;38;581;93,5;38;85;74,8;spacesAvailable;2026-09-23 03:11:56;2,0;groep 2 capaciteit wijkt af (457 i.p.v. 408)
2026-09-23;03:13;2026-09-23 03:00;2026-09-23 01:13:58;NL-12_418;Maasvlakte Plaza Zuid (Luzonstraat 6);192;8;200;96,0;8;0;65,3;spacesAvailable;2026-09-23 03:12:35;1,4;
2026-09-23;04:15;2026-09-23 04:00;2026-09-23 02:15:16;NL-12_411;Maasvlakte Plaza Noord (Hormuzstraat);474;107;581;81,6;107;82;68,2;spacesAvailable;2026-09-23 04:12:56;2,3;groep 2 capaciteit wijkt af (425 i.p.v. 408) | groep 4 capaciteit wijkt af (80 i.p.v. 77)
2026-09-23;04:15;2026-09-23 04:00;2026-09-23 02:15:16;NL-12_418;Maasvlakte Plaza Zuid (Luzonstraat 6);171;29;200;85,5;29;0;61,0;spacesAvailable;2026-09-23 04:13:35;1,7;groep 2 capaciteit wijkt af (171 i.p.v. 164)
2026-09-23;05:15;2026-09-23 05:00;2026-09-23 03:15:47;NL-12_411;Maasvlakte Plaza Noord (Hormuzstraat);361;220;581;62,1;220;60;53,0;spacesAvailable;2026-09-23 05:13:56;1,8;groep 2 capaciteit wijkt af (424 i.p.v. 408)
2026-09-23;05:15;2026-09-23 05:00;2026-09-23 03:15:47;NL-12_418;Maasvlakte Plaza Zuid (Luzonstraat 6);129;71;200;64,5;71;0;44,3;spacesAvailable;2026-09-23 05:14:35;1,2;
2026-09-23;06:16;2026-09-23 06:00;2026-09-23 04:16:05;NL-12_411;Maasvlakte Plaza Noord (Hormuzstraat);241;340;581;41,5;340;33;29,6;spacesAvailable;2026-09-23 06:13:57;2,1;groep 2 capaciteit wijkt af (420 i.p.v. 408)
2026-09-23;06:16;2026-09-23 06:00;2026-09-23 04:16:05;NL-12_418;Maasvlakte Plaza Zuid (Luzonstraat 6);95;105;200;47,5;105;0;29,0;spacesAvailable;2026-09-23 06:14:35;1,5;
2026-09-23;07:14;2026-09-23 07:00;2026-09-23 05:14:07;NL-12_411;Maasvlakte Plaza Noord (Hormuzstraat);127;454;581;21,9;454;11;16,2;spacesAvailable;2026-09-23 07:11:56;2,2;groep 2 capaciteit wijkt af (418 i.p.v. 408)
2026-09-23;07:14;2026-09-23 07:00;2026-09-23 05:14:07;NL-12_418;Maasvlakte Plaza Zuid (Luzonstraat 6);69;131;200;34,5;131;0;20,3;spacesAvailable;2026-09-23 07:12:35;1,5;
2026-09-23;08:20;2026-09-23 08:00;2026-09-23 06:20:05;NL-12_411;Maasvlakte Plaza Noord (Hormuzstraat);104;477;581;17,9;477;7;13,6;spacesAvailable;2026-09-23 08:17:56;2,1;groep 2 capaciteit wijkt af (416 i.p.v. 408)
2026-09-23;08:20;2026-09-23 08:00;2026-09-23 06:20:05;NL-12_418;Maasvlakte Plaza Zuid (Luzonstraat 6);59;141;200;29,5;141;0;15,7;spacesAvailable;2026-09-23 08:18:35;1,5;
2026-09-23;09:16;2026-09-23 09:00;2026-09-23 07:16:06;NL-12_411;Maasvlakte Plaza Noord (Hormuzstraat);103;478;581;17,7;478;5;9,8;spacesAvailable;2026-09-23 09:13:56;2,2;groep 2 capaciteit wijkt af (416 i.p.v. 408)
2026-09-23;09:16;2026-09-23 09:00;2026-09-23 07:16:06;NL-12_418;Maasvlakte Plaza Zuid (Luzonstraat 6);60;140;200;30,0;140;0;14,3;spacesAvailable;2026-09-23 09:14:35;1,5;
2026-09-23;10:16;2026-09-23 10:00;2026-09-23 08:16:10;NL-12_411;Maasvlakte Plaza Noord (Hormuzstraat);99;482;581;17,0;482;5;9,6;spacesAvailable;2026-09-23 10:13:56;2,2;groep 2 capaciteit wijkt af (416 i.p.v. 408)
2026-09-23;10:16;2026-09-23 10:00;2026-09-23 08:16:10;NL-12_418;Maasvlakte Plaza Zuid (Luzonstraat 6);58;142;200;29,0;142;0;13,3;spacesAvailable;2026-09-23 10:14:35;1,6;
2026-09-23;11:15;2026-09-23 11:00;2026-09-23 09:15:33;NL-12_411;Maasvlakte Plaza Noord (Hormuzstraat);88;493;581;15,1;493;3;8,6;spacesAvailable;2026-09-23 11:13:56;1,6;groep 2 capaciteit wijkt af (415 i.p.v. 408)
2026-09-23;11:15;2026-09-23 11:00;2026-09-23 09:15:33;NL-12_418;Maasvlakte Plaza Zuid (Luzonstraat 6);55;145;200;27,5;145;0;12,0;spacesAvailable;2026-09-23 11:14:35;1,0;
2026-09-23;12:15;2026-09-23 12:00;2026-09-23 10:15:17;NL-12_411;Maasvlakte Plaza Noord (Hormuzstraat);92;489;581;15,8;489;4;12,0;spacesAvailable;2026-09-23 12:12:57;2,3;groep 2 capaciteit wijkt af (419 i.p.v. 408)
2026-09-23;12:15;2026-09-23 12:00;2026-09-23 10:15:17;NL-12_418;Maasvlakte Plaza Zuid (Luzonstraat 6);52;148;200;26,0;148;0;10,3;spacesAvailable;2026-09-23 12:13:35;1,7;
2026-09-23;13:14;2026-09-23 13:00;2026-09-23 11:14:59;NL-12_411;Maasvlakte Plaza Noord (Hormuzstraat);89;492;581;15,3;492;3;8,8;spacesAvailable;2026-09-23 13:12:57;2,0;groep 2 capaciteit wijkt af (419 i.p.v. 408)
2026-09-23;13:14;2026-09-23 13:00;2026-09-23 11:14:59;NL-12_418;Maasvlakte Plaza Zuid (Luzonstraat 6);57;143;200;28,5;143;0;11,3;spacesAvailable;2026-09-23 13:13:35;1,4;
2026-09-23;14:19;2026-09-23 14:00;2026-09-23 12:19:36;NL-12_411;Maasvlakte Plaza Noord (Hormuzstraat);89;492;581;15,3;492;2;8,4;spacesAvailable;2026-09-23 14:17:57;1,7;groep 2 capaciteit wijkt af (417 i.p.v. 408)
2026-09-23;14:19;2026-09-23 14:00;2026-09-23 12:19:36;NL-12_418;Maasvlakte Plaza Zuid (Luzonstraat 6);54;146;200;27,0;146;0;11,0;spacesAvailable;2026-09-23 14:18:35;1,0;
2026-09-23;15:16;2026-09-23 15:00;2026-09-23 13:16:52;NL-12_411;Maasvlakte Plaza Noord (Hormuzstraat);100;481;581;17,2;481;2;9,0;spacesAvailable;2026-09-23 15:14:57;1,9;groep 2 capaciteit wijkt af (414 i.p.v. 408)
2026-09-23;15:16;2026-09-23 15:00;2026-09-23 13:16:52;NL-12_418;Maasvlakte Plaza Zuid (Luzonstraat 6);52;148;200;26,0;148;0;10,3;spacesAvailable;2026-09-23 15:15:35;1,3;
2026-09-23;16:16;2026-09-23 16:00;2026-09-23 14:16:04;NL-12_411;Maasvlakte Plaza Noord (Hormuzstraat);129;452;581;22,2;452;3;13,6;spacesAvailable;2026-09-23 16:13:56;2,1;groep 2 capaciteit wijkt af (419 i.p.v. 408)
2026-09-23;16:16;2026-09-23 16:00;2026-09-23 14:16:04;NL-12_418;Maasvlakte Plaza Zuid (Luzonstraat 6);48;152;200;24,0;152;0;9,7;spacesAvailable;2026-09-23 16:14:35;1,5;
2026-09-23;17:14;2026-09-23 17:00;2026-09-23 15:14:55;NL-12_411;Maasvlakte Plaza Noord (Hormuzstraat);177;404;581;30,5;404;6;17,6;spacesAvailable;2026-09-23 17:12:57;2,0;groep 2 capaciteit wijkt af (413 i.p.v. 408)
2026-09-23;17:14;2026-09-23 17:00;2026-09-23 15:14:55;NL-12_418;Maasvlakte Plaza Zuid (Luzonstraat 6);76;124;200;38,0;124;0;16,3;spacesAvailable;2026-09-23 17:13:35;1,3;
2026-09-23;18:16;2026-09-23 18:00;2026-09-23 16:16:42;NL-12_411;Maasvlakte Plaza Noord (Hormuzstraat);268;313;581;46,1;313;11;23,4;spacesAvailable;2026-09-23 18:14:56;1,8;groep 2 capaciteit wijkt af (412 i.p.v. 408)
2026-09-23;18:16;2026-09-23 18:00;2026-09-23 16:16:42;NL-12_418;Maasvlakte Plaza Zuid (Luzonstraat 6);112;88;200;56,0;88;0;26,0;spacesAvailable;2026-09-23 18:15:35;1,1;
2026-09-23;19:15;2026-09-23 19:00;2026-09-23 17:15:09;NL-12_411;Maasvlakte Plaza Noord (Hormuzstraat);413;168;581;71,1;168;13;43,2;spacesAvailable;2026-09-23 19:12:57;2,2;groep 2 capaciteit wijkt af (420 i.p.v. 408)
2026-09-23;19:15;2026-09-23 19:00;2026-09-23 17:15:09;NL-12_418;Maasvlakte Plaza Zuid (Luzonstraat 6);188;12;200;94,0;12;0;60,3;spacesAvailable;2026-09-23 19:13:35;1,6;
2026-09-23;20:19;2026-09-23 20:00;2026-09-23 18:19:09;NL-12_411;Maasvlakte Plaza Noord (Hormuzstraat);579;2;581;99,7;2;84;79,8;spacesAvailable;2026-09-23 20:16:57;2,2;
2026-09-23;20:19;2026-09-23 20:00;2026-09-23 18:19:09;NL-12_418;Maasvlakte Plaza Zuid (Luzonstraat 6);200;0;200;100,0;0;0;66,7;full;2026-09-23 20:17:35;1,6;
2026-09-23;21:13;2026-09-23 21:00;2026-09-23 19:13:14;NL-12_411;Maasvlakte Plaza Noord (Hormuzstraat);579;2;581;99,7;2;85;80,0;spacesAvailable;2026-09-23 21:10:56;2,3;
2026-09-23;21:13;2026-09-23 21:00;2026-09-23 19:13:14;NL-12_418;Maasvlakte Plaza Zuid (Luzonstraat 6);199;1;200;99,5;1;0;66,7;spacesAvailable;2026-09-23 21:11:35;1,6;
2026-09-23;22:16;2026-09-23 22:00;2026-09-23 20:16:14;NL-12_411;Maasvlakte Plaza Noord (Hormuzstraat);581;0;581;100,0;0;85;80,0;full;2026-09-23 22:13:57;2,3;
2026-09-23;22:16;2026-09-23 22:00;2026-09-23 20:16:14;NL-12_418;Maasvlakte Plaza Zuid (Luzonstraat 6);200;0;200;100,0;0;0;66,7;full;2026-09-23 22:14:35;1,7;
2026-09-23;23:15;2026-09-23 23:00;2026-09-23 21:15:07;NL-12_411;Maasvlakte Plaza Noord (Hormuzstraat);581;0;581;100,0;0;85;80,0;full;2026-09-23 23:12:56;2,2;
2026-09-23;23:15;2026-09-23 23:00;2026-09-23 21:15:07;NL-12_418;Maasvlakte Plaza Zuid (Luzonstraat 6);200;0;200;100,0;0;0;66,7;full;2026-09-23 23:13:35;1,5;
2026-09-24;00:15;2026-09-24 00:00;2026-09-23 22:15:07;NL-12_411;Maasvlakte Plaza Noord (Hormuzstraat);580;1;581;99,8;1;85;80,0;spacesAvailable;2026-09-24 00:12:56;2,2;
2026-09-24;00:15;2026-09-24 00:00;2026-09-23 22:15:07;NL-12_418;Maasvlakte Plaza Zuid (Luzonstraat 6);200;0;200;100,0;0;0;66,7;full;2026-09-24 00:13:35;1,5;
2026-09-24;01:12;2026-09-24 01:00;2026-09-23 23:12:00;NL-12_411;Maasvlakte Plaza Noord (Hormuzstraat);580;1;581;99,8;1;85;80,0;spacesAvailable;2026-09-24 01:09:57;2,1;
2026-09-24;01:12;2026-09-24 01:00;2026-09-23 23:12:00;NL-12_418;Maasvlakte Plaza Zuid (Luzonstraat 6);198;2;200;99,0;2;0;66,3;spacesAvailable;2026-09-24 01:10:35;1,4;
2026-09-24;02:20;2026-09-24 02:00;2026-09-24 00:20:56;NL-12_411;Maasvlakte Plaza Noord (Hormuzstraat);566;15;581;97,4;15;85;79,2;spacesAvailable;2026-09-24 02:18:57;2,0;
2026-09-24;02:20;2026-09-24 02:00;2026-09-24 00:20:56;NL-12_418;Maasvlakte Plaza Zuid (Luzonstraat 6);198;2;200;99,0;2;0;66,3;spacesAvailable;2026-09-24 02:19:35;1,4;
2026-09-24;03:14;2026-09-24 03:00;2026-09-24 01:14:11;NL-12_411;Maasvlakte Plaza Noord (Hormuzstraat);551;30;581;94,8;30;85;78,2;spacesAvailable;2026-09-24 03:11:57;2,2;groep 2 capaciteit wijkt af (450 i.p.v. 408)
2026-09-24;03:14;2026-09-24 03:00;2026-09-24 01:14:11;NL-12_418;Maasvlakte Plaza Zuid (Luzonstraat 6);186;14;200;93,0;14;0;64,0;spacesAvailable;2026-09-24 03:12:35;1,6;groep 2 capaciteit wijkt af (175 i.p.v. 164)
2026-09-24;04:14;2026-09-24 04:00;2026-09-24 02:14:57;NL-12_411;Maasvlakte Plaza Noord (Hormuzstraat);480;101;581;82,6;101;83;72,0;spacesAvailable;2026-09-24 04:12:57;2,0;groep 2 capaciteit wijkt af (425 i.p.v. 408)
2026-09-24;04:14;2026-09-24 04:00;2026-09-24 02:14:57;NL-12_418;Maasvlakte Plaza Zuid (Luzonstraat 6);148;52;200;74,0;52;0;53,0;spacesAvailable;2026-09-24 04:13:35;1,4;groep 2 capaciteit wijkt af (168 i.p.v. 164)
2026-09-24;05:15;2026-09-24 05:00;2026-09-24 03:15:17;NL-12_411;Maasvlakte Plaza Noord (Hormuzstraat);338;243;581;58,2;243;59;55,6;spacesAvailable;2026-09-24 05:12:56;2,3;groep 2 capaciteit wijkt af (424 i.p.v. 408)
2026-09-24;05:15;2026-09-24 05:00;2026-09-24 03:15:17;NL-12_418;Maasvlakte Plaza Zuid (Luzonstraat 6);99;101;200;49,5;101;0;35,7;spacesAvailable;2026-09-24 05:13:35;1,7;
2026-09-24;06:15;2026-09-24 06:00;2026-09-24 04:15:46;NL-12_411;Maasvlakte Plaza Noord (Hormuzstraat);210;371;581;36,1;371;36;34,0;spacesAvailable;2026-09-24 06:13:56;1,8;groep 2 capaciteit wijkt af (422 i.p.v. 408)
2026-09-24;06:15;2026-09-24 06:00;2026-09-24 04:15:46;NL-12_418;Maasvlakte Plaza Zuid (Luzonstraat 6);74;126;200;37,0;126;0;26,0;spacesAvailable;2026-09-24 06:14:35;1,2;
2026-09-24;07:14;2026-09-24 07:00;2026-09-24 05:14:19;NL-12_411;Maasvlakte Plaza Noord (Hormuzstraat);134;447;581;23,1;447;23;24,8;spacesAvailable;2026-09-24 07:11:56;2,4;groep 2 capaciteit wijkt af (424 i.p.v. 408)
2026-09-24;07:14;2026-09-24 07:00;2026-09-24 05:14:19;NL-12_418;Maasvlakte Plaza Zuid (Luzonstraat 6);40;160;200;20,0;160;0;11,3;spacesAvailable;2026-09-24 07:12:35;1,7;
2026-09-24;08:19;2026-09-24 08:00;2026-09-24 06:19:58;NL-12_411;Maasvlakte Plaza Noord (Hormuzstraat);85;496;581;14,6;496;10;12,8;spacesAvailable;2026-09-24 08:17:56;2,0;groep 2 capaciteit wijkt af (422 i.p.v. 408)
2026-09-24;08:19;2026-09-24 08:00;2026-09-24 06:19:58;NL-12_418;Maasvlakte Plaza Zuid (Luzonstraat 6);34;166;200;17,0;166;0;7,0;spacesAvailable;2026-09-24 08:18:35;1,4;
2026-09-24;09:16;2026-09-24 09:00;2026-09-24 07:16:10;NL-12_411;Maasvlakte Plaza Noord (Hormuzstraat);81;500;581;13,9;500;6;11,8;spacesAvailable;2026-09-24 09:13:56;2,2;groep 2 capaciteit wijkt af (421 i.p.v. 408)
2026-09-24;09:16;2026-09-24 09:00;2026-09-24 07:16:10;NL-12_418;Maasvlakte Plaza Zuid (Luzonstraat 6);39;161;200;19,5;161;0;8,0;spacesAvailable;2026-09-24 09:14:35;1,6;
2026-09-24;10:16;2026-09-24 10:00;2026-09-24 08:16:57;NL-12_411;Maasvlakte Plaza Noord (Hormuzstraat);85;496;581;14,6;496;5;9,0;spacesAvailable;2026-09-24 10:14:57;2,0;groep 2 capaciteit wijkt af (424 i.p.v. 408)
2026-09-24;10:16;2026-09-24 10:00;2026-09-24 08:16:57;NL-12_418;Maasvlakte Plaza Zuid (Luzonstraat 6);45;155;200;22,5;155;0;9,3;spacesAvailable;2026-09-24 10:15:35;1,4;
2026-09-24;11:16;2026-09-24 11:00;2026-09-24 09:16:12;NL-12_411;Maasvlakte Plaza Noord (Hormuzstraat);88;493;581;15,1;493;5;9,2;spacesAvailable;2026-09-24 11:13:57;2,3;groep 2 capaciteit wijkt af (422 i.p.v. 408)
2026-09-24;11:16;2026-09-24 11:00;2026-09-24 09:16:12;NL-12_418;Maasvlakte Plaza Zuid (Luzonstraat 6);50;150;200;25,0;150;0;10,3;spacesAvailable;2026-09-24 11:14:35;1,6;
2026-09-24;12:15;2026-09-24 12:00;2026-09-24 10:15:28;NL-12_411;Maasvlakte Plaza Noord (Hormuzstraat);92;489;581;15,8;489;5;9,8;spacesAvailable;2026-09-24 12:12:57;2,5;groep 2 capaciteit wijkt af (423 i.p.v. 408)
2026-09-24;12:15;2026-09-24 12:00;2026-09-24 10:15:28;NL-12_418;Maasvlakte Plaza Zuid (Luzonstraat 6);50;150;200;25,0;150;0;10,3;spacesAvailable;2026-09-24 12:13:35;1,9;
2026-09-24;13:14;2026-09-24 13:00;2026-09-24 11:14:44;NL-12_411;Maasvlakte Plaza Noord (Hormuzstraat);100;481;581;17,2;481;2;5,8;spacesAvailable;2026-09-24 13:12:56;1,8;
2026-09-24;13:14;2026-09-24 13:00;2026-09-24 11:14:44;NL-12_418;Maasvlakte Plaza Zuid (Luzonstraat 6);51;149;200;25,5;149;0;11,3;spacesAvailable;2026-09-24 13:13:35;1,2;
2026-09-24;14:19;2026-09-24 14:00;2026-09-24 12:19:32;NL-12_411;Maasvlakte Plaza Noord (Hormuzstraat);102;479;581;17,6;479;1;5,8;spacesAvailable;2026-09-24 14:17:56;1,6;
2026-09-24;14:19;2026-09-24 14:00;2026-09-24 12:19:32;NL-12_418;Maasvlakte Plaza Zuid (Luzonstraat 6);45;155;200;22,5;155;0;9,3;spacesAvailable;2026-09-24 14:18:35;1,0;
2026-09-24;15:16;2026-09-24 15:00;2026-09-24 13:16:55;NL-12_411;Maasvlakte Plaza Noord (Hormuzstraat);121;460;581;20,8;460;0;9,2;spacesAvailable;2026-09-24 15:14:56;2,0;
2026-09-24;15:16;2026-09-24 15:00;2026-09-24 13:16:55;NL-12_418;Maasvlakte Plaza Zuid (Luzonstraat 6);57;143;200;28,5;143;0;11,7;spacesAvailable;2026-09-24 15:15:35;1,3;
2026-09-24;16:15;2026-09-24 16:00;2026-09-24 14:15:56;NL-12_411;Maasvlakte Plaza Noord (Hormuzstraat);148;433;581;25,5;433;2;11,2;spacesAvailable;2026-09-24 16:13:57;2,0;
2026-09-24;16:15;2026-09-24 16:00;2026-09-24 14:15:56;NL-12_418;Maasvlakte Plaza Zuid (Luzonstraat 6);57;143;200;28,5;143;0;11,7;spacesAvailable;2026-09-24 16:14:35;1,4;
2026-09-24;17:16;2026-09-24 17:00;2026-09-24 15:16:18;NL-12_411;Maasvlakte Plaza Noord (Hormuzstraat);199;382;581;34,3;382;4;15,4;spacesAvailable;2026-09-24 17:13:56;2,4;groep 2 capaciteit wijkt af (413 i.p.v. 408)
2026-09-24;17:16;2026-09-24 17:00;2026-09-24 15:16:18;NL-12_418;Maasvlakte Plaza Zuid (Luzonstraat 6);76;124;200;38,0;124;0;15,7;spacesAvailable;2026-09-24 17:14:35;1,7;
2026-09-24;18:16;2026-09-24 18:00;2026-09-24 16:16:34;NL-12_411;Maasvlakte Plaza Noord (Hormuzstraat);285;296;581;49,1;296;9;24,8;spacesAvailable;2026-09-24 18:14:56;1,6;groep 2 capaciteit wijkt af (416 i.p.v. 408)
2026-09-24;18:16;2026-09-24 18:00;2026-09-24 16:16:34;NL-12_418;Maasvlakte Plaza Zuid (Luzonstraat 6);104;96;200;52,0;96;0;21,3;spacesAvailable;2026-09-24 18:15:35;1,0;
2026-09-24;19:14;2026-09-24 19:00;2026-09-24 17:14:16;NL-12_411;Maasvlakte Plaza Noord (Hormuzstraat);475;106;581;81,8;106;37;52,0;spacesAvailable;2026-09-24 19:11:56;2,3;
2026-09-24;19:14;2026-09-24 19:00;2026-09-24 17:14:16;NL-12_418;Maasvlakte Plaza Zuid (Luzonstraat 6);182;18;200;91,0;18;0;56,7;spacesAvailable;2026-09-24 19:12:35;1,7;
2026-09-24;20:18;2026-09-24 20:00;2026-09-24 18:18:54;NL-12_411;Maasvlakte Plaza Noord (Hormuzstraat);581;0;581;100,0;0;85;80,0;full;2026-09-24 20:16:56;2,0;
2026-09-24;20:18;2026-09-24 20:00;2026-09-24 18:18:54;NL-12_418;Maasvlakte Plaza Zuid (Luzonstraat 6);200;0;200;100,0;0;0;66,7;full;2026-09-24 20:17:35;1,3;
2026-09-24;21:14;2026-09-24 21:00;2026-09-24 19:14:09;NL-12_411;Maasvlakte Plaza Noord (Hormuzstraat);579;2;581;99,7;2;85;80,0;spacesAvailable;2026-09-24 21:11:56;2,2;
2026-09-24;21:14;2026-09-24 21:00;2026-09-24 19:14:09;NL-12_418;Maasvlakte Plaza Zuid (Luzonstraat 6);199;1;200;99,5;1;0;66,7;spacesAvailable;2026-09-24 21:12:35;1,6;
2026-09-24;22:16;2026-09-24 22:00;2026-09-24 20:16:40;NL-12_411;Maasvlakte Plaza Noord (Hormuzstraat);580;1;581;99,8;1;85;80,0;spacesAvailable;2026-09-24 22:14:57;1,7;
2026-09-24;22:16;2026-09-24 22:00;2026-09-24 20:16:40;NL-12_418;Maasvlakte Plaza Zuid (Luzonstraat 6);200;0;200;100,0;0;0;66,7;full;2026-09-24 22:15:35;1,1;
2026-09-24;23:14;2026-09-24 23:00;2026-09-24 21:14:47;NL-12_411;Maasvlakte Plaza Noord (Hormuzstraat);579;2;581;99,7;2;85;80,0;spacesAvailable;2026-09-24 23:12:56;1,8;
2026-09-24;23:14;2026-09-24 23:00;2026-09-24 21:14:47;NL-12_418;Maasvlakte Plaza Zuid (Luzonstraat 6);200;0;200;100,0;0;0;66,7;full;2026-09-24 23:13:35;1,2;
2026-09-25;00:15;2026-09-25 00:00;2026-09-24 22:15:17;NL-12_411;Maasvlakte Plaza Noord (Hormuzstraat);580;1;581;99,8;1;85;80,0;spacesAvailable;2026-09-25 00:12:57;2,3;
2026-09-25;00:15;2026-09-25 00:00;2026-09-24 22:15:17;NL-12_418;Maasvlakte Plaza Zuid (Luzonstraat 6);200;0;200;100,0;0;0;66,7;full;2026-09-25 00:13:35;1,7;
2026-09-25;01:13;2026-09-25 01:00;2026-09-24 23:13:48;NL-12_411;Maasvlakte Plaza Noord (Hormuzstraat);577;4;581;99,3;4;85;80,0;spacesAvailable;2026-09-25 01:11:57;1,9;
2026-09-25;01:13;2026-09-25 01:00;2026-09-24 23:13:48;NL-12_418;Maasvlakte Plaza Zuid (Luzonstraat 6);199;1;200;99,5;1;0;66,7;spacesAvailable;2026-09-25 01:12:35;1,2;
2026-09-25;02:22;2026-09-25 02:00;2026-09-25 00:22:33;NL-12_411;Maasvlakte Plaza Noord (Hormuzstraat);572;9;581;98,5;9;85;79,6;spacesAvailable;2026-09-25 02:20:57;1,6;
2026-09-25;02:22;2026-09-25 02:00;2026-09-25 00:22:33;NL-12_418;Maasvlakte Plaza Zuid (Luzonstraat 6);196;4;200;98,0;4;0;66,0;spacesAvailable;2026-09-25 02:21:35;1,0;
2026-09-25;03:13;2026-09-25 03:00;2026-09-25 01:13:51;NL-12_411;Maasvlakte Plaza Noord (Hormuzstraat);552;29;581;95,0;29;82;77,8;spacesAvailable;2026-09-25 03:11:56;1,9;
2026-09-25;03:13;2026-09-25 03:00;2026-09-25 01:13:51;NL-12_418;Maasvlakte Plaza Zuid (Luzonstraat 6);190;10;200;95,0;10;0;64,7;spacesAvailable;2026-09-25 03:12:35;1,3;
2026-09-25;04:14;2026-09-25 04:00;2026-09-25 02:14:06;NL-12_411;Maasvlakte Plaza Noord (Hormuzstraat);480;101;581;82,6;101;80;71,4;spacesAvailable;2026-09-25 04:11:56;2,2;groep 2 capaciteit wijkt af (426 i.p.v. 408)
2026-09-25;04:14;2026-09-25 04:00;2026-09-25 02:14:06;NL-12_418;Maasvlakte Plaza Zuid (Luzonstraat 6);164;36;200;82,0;36;0;58,3;spacesAvailable;2026-09-25 04:12:35;1,5;groep 2 capaciteit wijkt af (170 i.p.v. 164)
2026-09-25;05:14;2026-09-25 05:00;2026-09-25 03:14:25;NL-12_411;Maasvlakte Plaza Noord (Hormuzstraat);372;209;581;64,0;209;60;56,0;spacesAvailable;2026-09-25 05:11:56;2,5;groep 2 capaciteit wijkt af (429 i.p.v. 408)
2026-09-25;05:14;2026-09-25 05:00;2026-09-25 03:14:25;NL-12_418;Maasvlakte Plaza Zuid (Luzonstraat 6);104;96;200;52,0;96;0;38,0;spacesAvailable;2026-09-25 05:12:35;1,8;
2026-09-25;06:15;2026-09-25 06:00;2026-09-25 04:15:40;NL-12_411;Maasvlakte Plaza Noord (Hormuzstraat);213;368;581;36,7;368;30;32,4;spacesAvailable;2026-09-25 06:13:56;1,7;groep 2 capaciteit wijkt af (423 i.p.v. 408)
2026-09-25;06:15;2026-09-25 06:00;2026-09-25 04:15:40;NL-12_418;Maasvlakte Plaza Zuid (Luzonstraat 6);64;136;200;32,0;136;0;21,3;spacesAvailable;2026-09-25 06:14:35;1,1;
2026-09-25;07:14;2026-09-25 07:00;2026-09-25 05:14:39;NL-12_411;Maasvlakte Plaza Noord (Hormuzstraat);142;439;581;24,4;439;13;23,8;spacesAvailable;2026-09-25 07:12:56;1,7;groep 2 capaciteit wijkt af (426 i.p.v. 408)
2026-09-25;07:14;2026-09-25 07:00;2026-09-25 05:14:39;NL-12_418;Maasvlakte Plaza Zuid (Luzonstraat 6);56;144;200;28,0;144;0;16,0;spacesAvailable;2026-09-25 07:13:35;1,1;
2026-09-25;08:19;2026-09-25 08:00;2026-09-25 06:19:54;NL-12_411;Maasvlakte Plaza Noord (Hormuzstraat);101;480;581;17,4;480;7;11,0;spacesAvailable;2026-09-25 08:17:57;2,0;groep 2 capaciteit wijkt af (422 i.p.v. 408)
2026-09-25;08:19;2026-09-25 08:00;2026-09-25 06:19:54;NL-12_418;Maasvlakte Plaza Zuid (Luzonstraat 6);50;150;200;25,0;150;0;12,0;spacesAvailable;2026-09-25 08:18:35;1,3;
2026-09-25;09:16;2026-09-25 09:00;2026-09-25 07:16:22;NL-12_411;Maasvlakte Plaza Noord (Hormuzstraat);81;500;581;13,9;500;4;9,2;spacesAvailable;2026-09-25 09:13:56;2,4;groep 2 capaciteit wijkt af (425 i.p.v. 408)
2026-09-25;09:16;2026-09-25 09:00;2026-09-25 07:16:22;NL-12_418;Maasvlakte Plaza Zuid (Luzonstraat 6);58;142;200;29,0;142;0;13,7;spacesAvailable;2026-09-25 09:14:35;1,8;
2026-09-25;10:16;2026-09-25 10:00;2026-09-25 08:16:00;NL-12_411;Maasvlakte Plaza Noord (Hormuzstraat);73;508;581;12,6;508;2;8,2;spacesAvailable;2026-09-25 10:13:56;2,1;groep 2 capaciteit wijkt af (426 i.p.v. 408)
2026-09-25;10:16;2026-09-25 10:00;2026-09-25 08:16:00;NL-12_418;Maasvlakte Plaza Zuid (Luzonstraat 6);51;149;200;25,5;149;0;11,3;spacesAvailable;2026-09-25 10:14:35;1,4;
2026-09-25;11:15;2026-09-25 11:00;2026-09-25 09:15:58;NL-12_411;Maasvlakte Plaza Noord (Hormuzstraat);67;514;581;11,5;514;2;5,0;spacesAvailable;2026-09-25 11:13:56;2,0;groep 2 capaciteit wijkt af (427 i.p.v. 408)
2026-09-25;11:15;2026-09-25 11:00;2026-09-25 09:15:58;NL-12_418;Maasvlakte Plaza Zuid (Luzonstraat 6);48;152;200;24,0;152;0;10,0;spacesAvailable;2026-09-25 11:14:35;1,4;
2026-09-25;12:15;2026-09-25 12:00;2026-09-25 10:15:40;NL-12_411;Maasvlakte Plaza Noord (Hormuzstraat);64;517;581;11,0;517;1;4,6;spacesAvailable;2026-09-25 12:13:56;1,7;groep 2 capaciteit wijkt af (424 i.p.v. 408)
2026-09-25;12:15;2026-09-25 12:00;2026-09-25 10:15:40;NL-12_418;Maasvlakte Plaza Zuid (Luzonstraat 6);47;153;200;23,5;153;0;10,0;spacesAvailable;2026-09-25 12:14:35;1,1;groep 2 capaciteit wijkt af (167 i.p.v. 164)
2026-09-25;13:15;2026-09-25 13:00;2026-09-25 11:15:19;NL-12_411;Maasvlakte Plaza Noord (Hormuzstraat);78;503;581;13,4;503;1;8,2;spacesAvailable;2026-09-25 13:12:57;2,4;groep 2 capaciteit wijkt af (424 i.p.v. 408)
2026-09-25;13:15;2026-09-25 13:00;2026-09-25 11:15:19;NL-12_418;Maasvlakte Plaza Zuid (Luzonstraat 6);48;152;200;24,0;152;0;10,0;spacesAvailable;2026-09-25 13:13:35;1,7;
2026-09-25;14:19;2026-09-25 14:00;2026-09-25 12:19:42;NL-12_411;Maasvlakte Plaza Noord (Hormuzstraat);85;496;581;14,6;496;2;6,2;spacesAvailable;2026-09-25 14:17:56;1,8;groep 2 capaciteit wijkt af (427 i.p.v. 408)
2026-09-25;14:19;2026-09-25 14:00;2026-09-25 12:19:42;NL-12_418;Maasvlakte Plaza Zuid (Luzonstraat 6);45;155;200;22,5;155;0;9,3;spacesAvailable;2026-09-25 14:18:35;1,1;
2026-09-25;15:17;2026-09-25 15:00;2026-09-25 13:17:00;NL-12_411;Maasvlakte Plaza Noord (Hormuzstraat);80;501;581;13,8;501;0;5,0;spacesAvailable;2026-09-25 15:14:57;2,1;groep 2 capaciteit wijkt af (424 i.p.v. 408)
2026-09-25;15:17;2026-09-25 15:00;2026-09-25 13:17:00;NL-12_418;Maasvlakte Plaza Zuid (Luzonstraat 6);48;152;200;24,0;152;0;10,0;spacesAvailable;2026-09-25 15:15:35;1,4;
2026-09-25;16:16;2026-09-25 16:00;2026-09-25 14:16:29;NL-12_411;Maasvlakte Plaza Noord (Hormuzstraat);101;480;581;17,4;480;1;6,2;spacesAvailable;2026-09-25 16:14:57;1,5;groep 2 capaciteit wijkt af (424 i.p.v. 408)
2026-09-25;16:16;2026-09-25 16:00;2026-09-25 14:16:29;NL-12_418;Maasvlakte Plaza Zuid (Luzonstraat 6);49;151;200;24,5;151;0;10,3;spacesAvailable;2026-09-25 16:15:35;0,9;
2026-09-25;17:16;2026-09-25 17:00;2026-09-25 15:16:57;NL-12_411;Maasvlakte Plaza Noord (Hormuzstraat);125;456;581;21,5;456;1;10,4;spacesAvailable;2026-09-25 17:14:56;2,0;groep 2 capaciteit wijkt af (428 i.p.v. 408)
2026-09-25;17:16;2026-09-25 17:00;2026-09-25 15:16:57;NL-12_418;Maasvlakte Plaza Zuid (Luzonstraat 6);75;125;200;37,5;125;0;16,3;spacesAvailable;2026-09-25 17:15:35;1,4;
2026-09-25;18:16;2026-09-25 18:00;2026-09-25 16:16:34;NL-12_411;Maasvlakte Plaza Noord (Hormuzstraat);191;390;581;32,9;390;2;17,4;spacesAvailable;2026-09-25 18:14:56;1,6;
2026-09-25;18:16;2026-09-25 18:00;2026-09-25 16:16:34;NL-12_418;Maasvlakte Plaza Zuid (Luzonstraat 6);89;111;200;44,5;111;0;19,0;spacesAvailable;2026-09-25 18:15:35;1,0;
2026-09-25;19:14;2026-09-25 19:00;2026-09-25 17:14:16;NL-12_411;Maasvlakte Plaza Noord (Hormuzstraat);238;343;581;41,0;343;4;28,2;spacesAvailable;2026-09-25 19:11:56;2,3;groep 2 capaciteit wijkt af (413 i.p.v. 408)
2026-09-25;19:14;2026-09-25 19:00;2026-09-25 17:14:16;NL-12_418;Maasvlakte Plaza Zuid (Luzonstraat 6);115;85;200;57,5;85;0;24,3;spacesAvailable;2026-09-25 19:12:35;1,7;
2026-09-25;20:17;2026-09-25 20:00;2026-09-25 18:17:05;NL-12_411;Maasvlakte Plaza Noord (Hormuzstraat);337;244;581;58,0;244;6;44,6;spacesAvailable;2026-09-25 20:14:57;2,1;
2026-09-25;20:17;2026-09-25 20:00;2026-09-25 18:17:05;NL-12_418;Maasvlakte Plaza Zuid (Luzonstraat 6);152;48;200;76,0;48;0;40,0;spacesAvailable;2026-09-25 20:15:35;1,5;groep 2 capaciteit wijkt af (171 i.p.v. 164)
2026-09-25;21:13;2026-09-25 21:00;2026-09-25 19:13:13;NL-12_411;Maasvlakte Plaza Noord (Hormuzstraat);477;104;581;82,1;104;33;65,4;spacesAvailable;2026-09-25 21:10:56;2,3;groep 2 capaciteit wijkt af (433 i.p.v. 408)
2026-09-25;21:13;2026-09-25 21:00;2026-09-25 19:13:13;NL-12_418;Maasvlakte Plaza Zuid (Luzonstraat 6);200;0;200;100,0;0;0;66,7;full;2026-09-25 21:11:35;1,6;
2026-09-25;22:14;2026-09-25 22:00;2026-09-25 20:14:08;NL-12_411;Maasvlakte Plaza Noord (Hormuzstraat);551;30;581;94,8;30;70;76,0;spacesAvailable;2026-09-25 22:11:56;2,2;
2026-09-25;22:14;2026-09-25 22:00;2026-09-25 20:14:08;NL-12_418;Maasvlakte Plaza Zuid (Luzonstraat 6);200;0;200;100,0;0;0;66,7;full;2026-09-25 22:12:35;1,5;
2026-09-25;23:15;2026-09-25 23:00;2026-09-25 21:15:13;NL-12_411;Maasvlakte Plaza Noord (Hormuzstraat);566;15;581;97,4;15;78;78,2;spacesAvailable;2026-09-25 23:12:56;2,3;
2026-09-25;23:15;2026-09-25 23:00;2026-09-25 21:15:13;NL-12_418;Maasvlakte Plaza Zuid (Luzonstraat 6);199;1;200;99,5;1;0;66,7;spacesAvailable;2026-09-25 23:13:35;1,6;
2026-09-26;00:14;2026-09-26 00:00;2026-09-25 22:14:29;NL-12_411;Maasvlakte Plaza Noord (Hormuzstraat);574;7;581;98,8;7;82;79,4;spacesAvailable;2026-09-26 00:11:57;2,5;
2026-09-26;00:14;2026-09-26 00:00;2026-09-25 22:14:29;NL-12_418;Maasvlakte Plaza Zuid (Luzonstraat 6);200;0;200;100,0;0;0;66,7;full;2026-09-26 00:12:35;1,9;
2026-09-26;01:13;2026-09-26 01:00;2026-09-25 23:13:37;NL-12_411;Maasvlakte Plaza Noord (Hormuzstraat);575;6;581;99,0;6;82;79,4;spacesAvailable;2026-09-26 01:11:57;1,7;
2026-09-26;01:13;2026-09-26 01:00;2026-09-25 23:13:37;NL-12_418;Maasvlakte Plaza Zuid (Luzonstraat 6);200;0;200;100,0;0;0;66,7;full;2026-09-26 01:12:35;1,0;
2026-09-26;02:20;2026-09-26 02:00;2026-09-26 00:20:02;NL-12_411;Maasvlakte Plaza Noord (Hormuzstraat);571;10;581;98,3;10;82;79,2;spacesAvailable;2026-09-26 02:17:56;2,1;
2026-09-26;02:20;2026-09-26 02:00;2026-09-26 00:20:02;NL-12_418;Maasvlakte Plaza Zuid (Luzonstraat 6);198;2;200;99,0;2;0;66,3;spacesAvailable;2026-09-26 02:18:35;1,4;
2026-09-26;03:13;2026-09-26 03:00;2026-09-26 01:13:17;NL-12_411;Maasvlakte Plaza Noord (Hormuzstraat);567;14;581;97,6;14;82;78,8;spacesAvailable;2026-09-26 03:10:57;2,3;
2026-09-26;03:13;2026-09-26 03:00;2026-09-26 01:13:17;NL-12_418;Maasvlakte Plaza Zuid (Luzonstraat 6);194;6;200;97,0;6;0;65,7;spacesAvailable;2026-09-26 03:11:35;1,7;
2026-09-26;04:14;2026-09-26 04:00;2026-09-26 02:14:15;NL-12_411;Maasvlakte Plaza Noord (Hormuzstraat);550;31;581;94,7;31;82;77,6;spacesAvailable;2026-09-26 04:11:56;2,3;groep 2 capaciteit wijkt af (417 i.p.v. 408)
2026-09-26;04:14;2026-09-26 04:00;2026-09-26 02:14:15;NL-12_418;Maasvlakte Plaza Zuid (Luzonstraat 6);185;15;200;92,5;15;0;63,7;spacesAvailable;2026-09-26 04:12:35;1,7;
2026-09-26;05:15;2026-09-26 05:00;2026-09-26 03:15:01;NL-12_411;Maasvlakte Plaza Noord (Hormuzstraat);515;66;581;88,6;66;81;72,6;spacesAvailable;2026-09-26 05:12:56;2,1;groep 2 capaciteit wijkt af (431 i.p.v. 408) | groep 4 capaciteit wijkt af (83 i.p.v. 77)
2026-09-26;05:15;2026-09-26 05:00;2026-09-26 03:15:01;NL-12_418;Maasvlakte Plaza Zuid (Luzonstraat 6);173;27;200;86,5;27;0;60,0;spacesAvailable;2026-09-26 05:13:35;1,4;
2026-09-26;06:14;2026-09-26 06:00;2026-09-26 04:14:52;NL-12_411;Maasvlakte Plaza Noord (Hormuzstraat);444;137;581;76,4;137;75;53,8;spacesAvailable;2026-09-26 06:12:56;1,9;groep 2 capaciteit wijkt af (412 i.p.v. 408)
2026-09-26;06:14;2026-09-26 06:00;2026-09-26 04:14:52;NL-12_418;Maasvlakte Plaza Zuid (Luzonstraat 6);148;52;200;74,0;52;0;49,3;spacesAvailable;2026-09-26 06:13:35;1,3;groep 2 capaciteit wijkt af (168 i.p.v. 164)
2026-09-26;07:13;2026-09-26 07:00;2026-09-26 05:13:57;NL-12_411;Maasvlakte Plaza Noord (Hormuzstraat);358;223;581;61,6;223;54;39,4;spacesAvailable;2026-09-26 07:11:56;2,0;
2026-09-26;07:13;2026-09-26 07:00;2026-09-26 05:13:57;NL-12_418;Maasvlakte Plaza Zuid (Luzonstraat 6);137;63;200;68,5;63;0;42,7;spacesAvailable;2026-09-26 07:12:35;1,4;groep 2 capaciteit wijkt af (168 i.p.v. 164)
2026-09-26;08:18;2026-09-26 08:00;2026-09-26 06:18:57;NL-12_411;Maasvlakte Plaza Noord (Hormuzstraat);308;273;581;53,0;273;42;32,0;spacesAvailable;2026-09-26 08:16:56;2,0;
2026-09-26;08:18;2026-09-26 08:00;2026-09-26 06:18:57;NL-12_418;Maasvlakte Plaza Zuid (Luzonstraat 6);134;66;200;67,0;66;0;40,0;spacesAvailable;2026-09-26 08:17:35;1,4;groep 2 capaciteit wijkt af (168 i.p.v. 164)
2026-09-26;09:14;2026-09-26 09:00;2026-09-26 07:14:14;NL-12_411;Maasvlakte Plaza Noord (Hormuzstraat);289;292;581;49,7;292;33;29,0;spacesAvailable;2026-09-26 09:11:57;2,3;
2026-09-26;09:14;2026-09-26 09:00;2026-09-26 07:14:14;NL-12_418;Maasvlakte Plaza Zuid (Luzonstraat 6);143;57;200;71,5;57;0;41,7;spacesAvailable;2026-09-26 09:12:35;1,6;
2026-09-26;10:16;2026-09-26 10:00;2026-09-26 08:16:03;NL-12_411;Maasvlakte Plaza Noord (Hormuzstraat);290;291;581;49,9;291;27;28,0;spacesAvailable;2026-09-26 10:13:56;2,1;groep 2 capaciteit wijkt af (412 i.p.v. 408)
2026-09-26;10:16;2026-09-26 10:00;2026-09-26 08:16:03;NL-12_418;Maasvlakte Plaza Zuid (Luzonstraat 6);148;52;200;74,0;52;0;40,3;spacesAvailable;2026-09-26 10:14:35;1,5;
2026-09-26;11:14;2026-09-26 11:00;2026-09-26 09:14:31;NL-12_411;Maasvlakte Plaza Noord (Hormuzstraat);295;286;581;50,8;286;27;28,4;spacesAvailable;2026-09-26 11:12:57;1,6;groep 2 capaciteit wijkt af (412 i.p.v. 408)
2026-09-26;11:14;2026-09-26 11:00;2026-09-26 09:14:31;NL-12_418;Maasvlakte Plaza Zuid (Luzonstraat 6);154;46;200;77,0;46;0;41,7;spacesAvailable;2026-09-26 11:13:35;0,9;groep 2 capaciteit wijkt af (171 i.p.v. 164)
2026-09-26;12:14;2026-09-26 12:00;2026-09-26 10:14:15;NL-12_411;Maasvlakte Plaza Noord (Hormuzstraat);306;275;581;52,7;275;27;28,4;spacesAvailable;2026-09-26 12:11:56;2,3;
2026-09-26;12:14;2026-09-26 12:00;2026-09-26 10:14:15;NL-12_418;Maasvlakte Plaza Zuid (Luzonstraat 6);164;36;200;82,0;36;0;47,3;spacesAvailable;2026-09-26 12:12:35;1,7;groep 2 capaciteit wijkt af (173 i.p.v. 164)
2026-09-26;13:13;2026-09-26 13:00;2026-09-26 11:13:46;NL-12_411;Maasvlakte Plaza Noord (Hormuzstraat);325;256;581;55,9;256;27;29,8;spacesAvailable;2026-09-26 13:11:56;1,8;groep 2 capaciteit wijkt af (418 i.p.v. 408)
2026-09-26;13:13;2026-09-26 13:00;2026-09-26 11:13:46;NL-12_418;Maasvlakte Plaza Zuid (Luzonstraat 6);176;24;200;88,0;24;0;53,3;spacesAvailable;2026-09-26 13:12:35;1,2;groep 2 capaciteit wijkt af (171 i.p.v. 164)
2026-09-26;14:18;2026-09-26 14:00;2026-09-26 12:18:12;NL-12_411;Maasvlakte Plaza Noord (Hormuzstraat);337;244;581;58,0;244;28;30,6;spacesAvailable;2026-09-26 14:15:56;2,3;groep 2 capaciteit wijkt af (413 i.p.v. 408)
2026-09-26;14:18;2026-09-26 14:00;2026-09-26 12:18:12;NL-12_418;Maasvlakte Plaza Zuid (Luzonstraat 6);173;27;200;86,5;27;0;52,0;spacesAvailable;2026-09-26 14:16:35;1,6;groep 2 capaciteit wijkt af (175 i.p.v. 164)
2026-09-26;15:13;2026-09-26 15:00;2026-09-26 13:13:40;NL-12_411;Maasvlakte Plaza Noord (Hormuzstraat);336;245;581;57,8;245;26;33,0;spacesAvailable;2026-09-26 15:11:56;1,7;groep 2 capaciteit wijkt af (413 i.p.v. 408)
2026-09-26;15:13;2026-09-26 15:00;2026-09-26 13:13:40;NL-12_418;Maasvlakte Plaza Zuid (Luzonstraat 6);190;10;200;95,0;10;0;61,3;spacesAvailable;2026-09-26 15:12:35;1,1;
2026-09-26;16:14;2026-09-26 16:00;2026-09-26 14:14:24;NL-12_411;Maasvlakte Plaza Noord (Hormuzstraat);353;228;581;60,8;228;27;34,0;spacesAvailable;2026-09-26 16:11:56;2,5;groep 2 capaciteit wijkt af (414 i.p.v. 408)
2026-09-26;16:14;2026-09-26 16:00;2026-09-26 14:14:24;NL-12_418;Maasvlakte Plaza Zuid (Luzonstraat 6);187;13;200;93,5;13;0;60,0;spacesAvailable;2026-09-26 16:12:35;1,8;
2026-09-26;17:14;2026-09-26 17:00;2026-09-26 15:14:22;NL-12_411;Maasvlakte Plaza Noord (Hormuzstraat);371;210;581;63,9;210;27;36,4;spacesAvailable;2026-09-26 17:11:56;2,4;groep 2 capaciteit wijkt af (420 i.p.v. 408)
2026-09-26;17:14;2026-09-26 17:00;2026-09-26 15:14:22;NL-12_418;Maasvlakte Plaza Zuid (Luzonstraat 6);198;2;200;99,0;2;0;66,0;spacesAvailable;2026-09-26 17:12:35;1,8;
2026-09-26;18:15;2026-09-26 18:00;2026-09-26 16:15:09;NL-12_411;Maasvlakte Plaza Noord (Hormuzstraat);403;178;581;69,4;178;27;43,8;spacesAvailable;2026-09-26 18:12:56;2,2;groep 2 capaciteit wijkt af (424 i.p.v. 408)
2026-09-26;18:15;2026-09-26 18:00;2026-09-26 16:15:09;NL-12_418;Maasvlakte Plaza Zuid (Luzonstraat 6);196;4;200;98,0;4;0;64,7;spacesAvailable;2026-09-26 18:13:35;1,6;
2026-09-26;19:13;2026-09-26 19:00;2026-09-26 17:13:44;NL-12_411;Maasvlakte Plaza Noord (Hormuzstraat);419;162;581;72,1;162;27;49,2;spacesAvailable;2026-09-26 19:11:57;1,8;groep 2 capaciteit wijkt af (426 i.p.v. 408)
2026-09-26;19:13;2026-09-26 19:00;2026-09-26 17:13:44;NL-12_418;Maasvlakte Plaza Zuid (Luzonstraat 6);200;0;200;100,0;0;0;66,7;full;2026-09-26 19:12:35;1,1;
2026-09-26;20:16;2026-09-26 20:00;2026-09-26 18:16:45;NL-12_411;Maasvlakte Plaza Noord (Hormuzstraat);435;146;581;74,9;146;27;51,6;spacesAvailable;2026-09-26 20:14:57;1,8;groep 2 capaciteit wijkt af (429 i.p.v. 408)
2026-09-26;20:16;2026-09-26 20:00;2026-09-26 18:16:45;NL-12_418;Maasvlakte Plaza Zuid (Luzonstraat 6);199;1;200;99,5;1;0;66,7;spacesAvailable;2026-09-26 20:15:35;1,2;
2026-09-26;21:12;2026-09-26 21:00;2026-09-26 19:12:47;NL-12_411;Maasvlakte Plaza Noord (Hormuzstraat);437;144;581;75,2;144;27;51,8;spacesAvailable;2026-09-26 21:10:56;1,8;groep 2 capaciteit wijkt af (424 i.p.v. 408)
2026-09-26;21:12;2026-09-26 21:00;2026-09-26 19:12:47;NL-12_418;Maasvlakte Plaza Zuid (Luzonstraat 6);200;0;200;100,0;0;0;66,7;full;2026-09-26 21:11:35;1,2;
2026-09-26;22:13;2026-09-26 22:00;2026-09-26 20:13:56;NL-12_411;Maasvlakte Plaza Noord (Hormuzstraat);437;144;581;75,2;144;27;51,8;spacesAvailable;2026-09-26 22:11:56;2,0;groep 2 capaciteit wijkt af (424 i.p.v. 408)
2026-09-26;22:13;2026-09-26 22:00;2026-09-26 20:13:56;NL-12_418;Maasvlakte Plaza Zuid (Luzonstraat 6);200;0;200;100,0;0;0;66,7;full;2026-09-26 22:12:35;1,4;
2026-09-26;23:14;2026-09-26 23:00;2026-09-26 21:14:01;NL-12_411;Maasvlakte Plaza Noord (Hormuzstraat);439;142;581;75,6;142;27;52,2;spacesAvailable;2026-09-26 23:11:56;2,1;groep 2 capaciteit wijkt af (418 i.p.v. 408) | groep 4 capaciteit wijkt af (83 i.p.v. 77)
2026-09-26;23:14;2026-09-26 23:00;2026-09-26 21:14:01;NL-12_418;Maasvlakte Plaza Zuid (Luzonstraat 6);200;0;200;100,0;0;0;66,7;full;2026-09-26 23:12:35;1,4;
2026-09-27;00:14;2026-09-27 00:00;2026-09-26 22:14:11;NL-12_411;Maasvlakte Plaza Noord (Hormuzstraat);435;146;581;74,9;146;27;51,6;spacesAvailable;2026-09-27 00:11:56;2,2;groep 2 capaciteit wijkt af (429 i.p.v. 408)
2026-09-27;00:14;2026-09-27 00:00;2026-09-26 22:14:11;NL-12_418;Maasvlakte Plaza Zuid (Luzonstraat 6);200;0;200;100,0;0;0;66,7;full;2026-09-27 00:12:35;1,6;
2026-09-27;01:13;2026-09-27 01:00;2026-09-26 23:13:43;NL-12_411;Maasvlakte Plaza Noord (Hormuzstraat);437;144;581;75,2;144;28;51,8;spacesAvailable;2026-09-27 01:11:56;1,8;groep 2 capaciteit wijkt af (424 i.p.v. 408)
2026-09-27;01:13;2026-09-27 01:00;2026-09-26 23:13:43;NL-12_418;Maasvlakte Plaza Zuid (Luzonstraat 6);200;0;200;100,0;0;0;66,7;full;2026-09-27 01:12:35;1,1;
2026-09-27;02:22;2026-09-27 02:00;2026-09-27 00:22:23;NL-12_411;Maasvlakte Plaza Noord (Hormuzstraat);441;140;581;75,9;140;28;52,4;spacesAvailable;2026-09-27 02:19:56;2,4;groep 2 capaciteit wijkt af (412 i.p.v. 408) | groep 4 capaciteit wijkt af (83 i.p.v. 77)
2026-09-27;02:22;2026-09-27 02:00;2026-09-27 00:22:23;NL-12_418;Maasvlakte Plaza Zuid (Luzonstraat 6);200;0;200;100,0;0;0;66,7;full;2026-09-27 02:20:35;1,8;
2026-09-27;03:14;2026-09-27 03:00;2026-09-27 01:14:07;NL-12_411;Maasvlakte Plaza Noord (Hormuzstraat);449;132;581;77,3;132;29;53,6;spacesAvailable;2026-09-27 03:11:56;2,2;groep 2 capaciteit wijkt af (412 i.p.v. 408)
2026-09-27;03:14;2026-09-27 03:00;2026-09-27 01:14:07;NL-12_418;Maasvlakte Plaza Zuid (Luzonstraat 6);200;0;200;100,0;0;0;66,7;full;2026-09-27 03:12:35;1,5;
2026-09-27;04:14;2026-09-27 04:00;2026-09-27 02:14:47;NL-12_411;Maasvlakte Plaza Noord (Hormuzstraat);451;130;581;77,6;130;29;54,0;spacesAvailable;2026-09-27 04:12:56;1,8;groep 4 capaciteit wijkt af (86 i.p.v. 77)
2026-09-27;04:14;2026-09-27 04:00;2026-09-27 02:14:47;NL-12_418;Maasvlakte Plaza Zuid (Luzonstraat 6);200;0;200;100,0;0;0;66,7;full;2026-09-27 04:13:35;1,2;
2026-09-27;05:15;2026-09-27 05:00;2026-09-27 03:15:32;NL-12_411;Maasvlakte Plaza Noord (Hormuzstraat);450;131;581;77,5;131;29;54,0;spacesAvailable;2026-09-27 05:13:57;1,6;groep 2 capaciteit wijkt af (412 i.p.v. 408) | groep 4 capaciteit wijkt af (86 i.p.v. 77)
2026-09-27;05:15;2026-09-27 05:00;2026-09-27 03:15:32;NL-12_418;Maasvlakte Plaza Zuid (Luzonstraat 6);200;0;200;100,0;0;0;66,7;full;2026-09-27 05:14:35;0,9;
2026-09-27;06:14;2026-09-27 06:00;2026-09-27 04:14:59;NL-12_411;Maasvlakte Plaza Noord (Hormuzstraat);450;131;581;77,5;131;29;54,0;spacesAvailable;2026-09-27 06:12:57;2,0;groep 2 capaciteit wijkt af (412 i.p.v. 408) | groep 4 capaciteit wijkt af (86 i.p.v. 77)
2026-09-27;06:14;2026-09-27 06:00;2026-09-27 04:14:59;NL-12_418;Maasvlakte Plaza Zuid (Luzonstraat 6);196;4;200;98,0;4;0;64,7;spacesAvailable;2026-09-27 06:13:35;1,4;
2026-09-27;07:14;2026-09-27 07:00;2026-09-27 05:14:14;NL-12_411;Maasvlakte Plaza Noord (Hormuzstraat);450;131;581;77,5;131;29;54,0;spacesAvailable;2026-09-27 07:11:56;2,3;groep 2 capaciteit wijkt af (412 i.p.v. 408) | groep 4 capaciteit wijkt af (86 i.p.v. 77)
2026-09-27;07:14;2026-09-27 07:00;2026-09-27 05:14:14;NL-12_418;Maasvlakte Plaza Zuid (Luzonstraat 6);191;9;200;95,5;9;0;63,0;spacesAvailable;2026-09-27 07:12:35;1,7;
2026-09-27;08:19;2026-09-27 08:00;2026-09-27 06:19:33;NL-12_411;Maasvlakte Plaza Noord (Hormuzstraat);446;135;581;76,8;135;29;53,6;spacesAvailable;2026-09-27 08:17:56;1,6;groep 2 capaciteit wijkt af (431 i.p.v. 408)
2026-09-27;08:19;2026-09-27 08:00;2026-09-27 06:19:33;NL-12_418;Maasvlakte Plaza Zuid (Luzonstraat 6);186;14;200;93,0;14;0;60,7;spacesAvailable;2026-09-27 08:18:35;1,0;
2026-09-27;09:14;2026-09-27 09:00;2026-09-27 07:14:52;NL-12_411;Maasvlakte Plaza Noord (Hormuzstraat);446;135;581;76,8;135;29;53,6;spacesAvailable;2026-09-27 09:12:56;1,9;groep 2 capaciteit wijkt af (431 i.p.v. 408)
2026-09-27;09:14;2026-09-27 09:00;2026-09-27 07:14:52;NL-12_418;Maasvlakte Plaza Zuid (Luzonstraat 6);190;10;200;95,0;10;0;61,3;spacesAvailable;2026-09-27 09:13:35;1,3;
2026-09-27;10:15;2026-09-27 10:00;2026-09-27 08:15:21;NL-12_411;Maasvlakte Plaza Noord (Hormuzstraat);461;120;581;79,3;120;29;55,6;spacesAvailable;2026-09-27 10:12:57;2,4;groep 2 capaciteit wijkt af (429 i.p.v. 408)
2026-09-27;10:15;2026-09-27 10:00;2026-09-27 08:15:21;NL-12_418;Maasvlakte Plaza Zuid (Luzonstraat 6);194;6;200;97,0;6;0;63,7;spacesAvailable;2026-09-27 10:13:35;1,8;
2026-09-27;11:14;2026-09-27 11:00;2026-09-27 09:14:40;NL-12_411;Maasvlakte Plaza Noord (Hormuzstraat);464;117;581;79,9;117;30;56,0;spacesAvailable;2026-09-27 11:12:56;1,7;groep 2 capaciteit wijkt af (421 i.p.v. 408)
2026-09-27;11:14;2026-09-27 11:00;2026-09-27 09:14:40;NL-12_418;Maasvlakte Plaza Zuid (Luzonstraat 6);199;1;200;99,5;1;0;66,7;spacesAvailable;2026-09-27 11:13:35;1,1;
2026-09-27;12:14;2026-09-27 12:00;2026-09-27 10:14:26;NL-12_411;Maasvlakte Plaza Noord (Hormuzstraat);471;110;581;81,1;110;33;56,8;spacesAvailable;2026-09-27 12:11:56;2,5;groep 2 capaciteit wijkt af (423 i.p.v. 408)
2026-09-27;12:14;2026-09-27 12:00;2026-09-27 10:14:26;NL-12_418;Maasvlakte Plaza Zuid (Luzonstraat 6);199;1;200;99,5;1;0;66,7;spacesAvailable;2026-09-27 12:12:35;1,8;
2026-09-27;13:14;2026-09-27 13:00;2026-09-27 11:14:04;NL-12_411;Maasvlakte Plaza Noord (Hormuzstraat);469;112;581;80,7;112;32;56,6;spacesAvailable;2026-09-27 13:11:56;2,1;groep 2 capaciteit wijkt af (431 i.p.v. 408)
2026-09-27;13:14;2026-09-27 13:00;2026-09-27 11:14:04;NL-12_418;Maasvlakte Plaza Zuid (Luzonstraat 6);197;3;200;98,5;3;0;66,3;spacesAvailable;2026-09-27 13:12:35;1,5;
2026-09-27;14:18;2026-09-27 14:00;2026-09-27 12:18:27;NL-12_411;Maasvlakte Plaza Noord (Hormuzstraat);469;112;581;80,7;112;33;56,6;spacesAvailable;2026-09-27 14:15:56;2,5;
2026-09-27;14:18;2026-09-27 14:00;2026-09-27 12:18:27;NL-12_418;Maasvlakte Plaza Zuid (Luzonstraat 6);193;7;200;96,5;7;0;65,3;spacesAvailable;2026-09-27 14:16:35;1,9;
2026-09-27;15:14;2026-09-27 15:00;2026-09-27 13:14:12;NL-12_411;Maasvlakte Plaza Noord (Hormuzstraat);467;114;581;80,4;114;32;56,4;spacesAvailable;2026-09-27 15:11:57;2,3;groep 2 capaciteit wijkt af (414 i.p.v. 408)
2026-09-27;15:14;2026-09-27 15:00;2026-09-27 13:14:12;NL-12_418;Maasvlakte Plaza Zuid (Luzonstraat 6);181;19;200;90,5;19;0;61,7;spacesAvailable;2026-09-27 15:12:35;1,6;groep 2 capaciteit wijkt af (170 i.p.v. 164)
2026-09-27;16:13;2026-09-27 16:00;2026-09-27 14:13:55;NL-12_411;Maasvlakte Plaza Noord (Hormuzstraat);462;119;581;79,5;119;32;56,0;spacesAvailable;2026-09-27 16:11:57;2,0;groep 2 capaciteit wijkt af (413 i.p.v. 408)
2026-09-27;16:13;2026-09-27 16:00;2026-09-27 14:13:55;NL-12_418;Maasvlakte Plaza Zuid (Luzonstraat 6);166;34;200;83,0;34;0;55,0;spacesAvailable;2026-09-27 16:12:35;1,3;groep 2 capaciteit wijkt af (169 i.p.v. 164)
2026-09-27;17:14;2026-09-27 17:00;2026-09-27 15:14:17;NL-12_411;Maasvlakte Plaza Noord (Hormuzstraat);457;124;581;78,7;124;31;55,6;spacesAvailable;2026-09-27 17:11:56;2,3;groep 2 capaciteit wijkt af (412 i.p.v. 408)
2026-09-27;17:14;2026-09-27 17:00;2026-09-27 15:14:17;NL-12_418;Maasvlakte Plaza Zuid (Luzonstraat 6);167;33;200;83,5;33;0;55,3;spacesAvailable;2026-09-27 17:12:35;1,7;groep 2 capaciteit wijkt af (173 i.p.v. 164)
2026-09-27;18:15;2026-09-27 18:00;2026-09-27 16:15:01;NL-12_411;Maasvlakte Plaza Noord (Hormuzstraat);459;122;581;79,0;122;33;55,8;spacesAvailable;2026-09-27 18:12:56;2,1;groep 2 capaciteit wijkt af (427 i.p.v. 408)
2026-09-27;18:15;2026-09-27 18:00;2026-09-27 16:15:01;NL-12_418;Maasvlakte Plaza Zuid (Luzonstraat 6);168;32;200;84,0;32;0;54,0;spacesAvailable;2026-09-27 18:13:35;1,4;groep 2 capaciteit wijkt af (177 i.p.v. 164)
2026-09-27;19:13;2026-09-27 19:00;2026-09-27 17:13:42;NL-12_411;Maasvlakte Plaza Noord (Hormuzstraat);456;125;581;78,5;125;31;55,0;spacesAvailable;2026-09-27 19:11:57;1,8;groep 2 capaciteit wijkt af (427 i.p.v. 408)
2026-09-27;19:13;2026-09-27 19:00;2026-09-27 17:13:42;NL-12_418;Maasvlakte Plaza Zuid (Luzonstraat 6);162;38;200;81,0;38;0;52,7;spacesAvailable;2026-09-27 19:12:35;1,1;groep 2 capaciteit wijkt af (171 i.p.v. 164)
2026-09-27;20:17;2026-09-27 20:00;2026-09-27 18:17:03;NL-12_411;Maasvlakte Plaza Noord (Hormuzstraat);453;128;581;78,0;128;30;54,4;spacesAvailable;2026-09-27 20:14:56;2,1;groep 4 capaciteit wijkt af (83 i.p.v. 77)
2026-09-27;20:17;2026-09-27 20:00;2026-09-27 18:17:03;NL-12_418;Maasvlakte Plaza Zuid (Luzonstraat 6);159;41;200;79,5;41;0;52,0;spacesAvailable;2026-09-27 20:15:35;1,5;groep 2 capaciteit wijkt af (168 i.p.v. 164)
2026-09-27;21:12;2026-09-27 21:00;2026-09-27 19:12:48;NL-12_411;Maasvlakte Plaza Noord (Hormuzstraat);460;121;581;79,2;121;30;55,4;spacesAvailable;2026-09-27 21:10:56;1,9;
2026-09-27;21:12;2026-09-27 21:00;2026-09-27 19:12:48;NL-12_418;Maasvlakte Plaza Zuid (Luzonstraat 6);162;38;200;81,0;38;0;52,7;spacesAvailable;2026-09-27 21:11:35;1,2;groep 2 capaciteit wijkt af (171 i.p.v. 164)
2026-09-27;22:14;2026-09-27 22:00;2026-09-27 20:14:23;NL-12_411;Maasvlakte Plaza Noord (Hormuzstraat);465;116;581;80,0;116;31;56,0;spacesAvailable;2026-09-27 22:11:57;2,4;groep 2 capaciteit wijkt af (414 i.p.v. 408)
2026-09-27;22:14;2026-09-27 22:00;2026-09-27 20:14:23;NL-12_418;Maasvlakte Plaza Zuid (Luzonstraat 6);163;37;200;81,5;37;0;53,0;spacesAvailable;2026-09-27 22:12:35;1,8;groep 2 capaciteit wijkt af (175 i.p.v. 164)
2026-09-27;23:14;2026-09-27 23:00;2026-09-27 21:14:18;NL-12_411;Maasvlakte Plaza Noord (Hormuzstraat);469;112;581;80,7;112;32;56,6;spacesAvailable;2026-09-27 23:11:56;2,4;groep 2 capaciteit wijkt af (431 i.p.v. 408)
2026-09-27;23:14;2026-09-27 23:00;2026-09-27 21:14:18;NL-12_418;Maasvlakte Plaza Zuid (Luzonstraat 6);163;37;200;81,5;37;0;53,0;spacesAvailable;2026-09-27 23:12:35;1,7;groep 2 capaciteit wijkt af (175 i.p.v. 164)
2026-09-28;00:14;2026-09-28 00:00;2026-09-27 22:14:02;NL-12_411;Maasvlakte Plaza Noord (Hormuzstraat);469;112;581;80,7;112;32;56,6;spacesAvailable;2026-09-28 00:11:56;2,1;groep 2 capaciteit wijkt af (431 i.p.v. 408)
2026-09-28;00:14;2026-09-28 00:00;2026-09-27 22:14:02;NL-12_418;Maasvlakte Plaza Zuid (Luzonstraat 6);164;36;200;82,0;36;0;53,0;spacesAvailable;2026-09-28 00:12:35;1,4;groep 2 capaciteit wijkt af (169 i.p.v. 164)
2026-09-28;01:13;2026-09-28 01:00;2026-09-27 23:13:46;NL-12_411;Maasvlakte Plaza Noord (Hormuzstraat);469;112;581;80,7;112;33;56,6;spacesAvailable;2026-09-28 01:11:57;1,8;
2026-09-28;01:13;2026-09-28 01:00;2026-09-27 23:13:46;NL-12_418;Maasvlakte Plaza Zuid (Luzonstraat 6);162;38;200;81,0;38;0;52,7;spacesAvailable;2026-09-28 01:12:35;1,2;groep 2 capaciteit wijkt af (171 i.p.v. 164)
2026-09-28;02:23;2026-09-28 02:00;2026-09-28 00:23:41;NL-12_411;Maasvlakte Plaza Noord (Hormuzstraat);464;117;581;79,9;117;33;56,2;spacesAvailable;2026-09-28 02:21:57;1,7;groep 2 capaciteit wijkt af (429 i.p.v. 408)
2026-09-28;02:23;2026-09-28 02:00;2026-09-28 00:23:41;NL-12_418;Maasvlakte Plaza Zuid (Luzonstraat 6);167;33;200;83,5;33;0;53,7;spacesAvailable;2026-09-28 02:22:35;1,1;groep 2 capaciteit wijkt af (171 i.p.v. 164)
2026-09-28;03:15;2026-09-28 03:00;2026-09-28 01:15:11;NL-12_411;Maasvlakte Plaza Noord (Hormuzstraat);457;124;581;78,7;124;32;52,6;spacesAvailable;2026-09-28 03:12:56;2,2;
2026-09-28;03:15;2026-09-28 03:00;2026-09-28 01:15:11;NL-12_418;Maasvlakte Plaza Zuid (Luzonstraat 6);166;34;200;83,0;34;0;53,3;spacesAvailable;2026-09-28 03:13:35;1,6;
2026-09-28;04:15;2026-09-28 04:00;2026-09-28 02:15:22;NL-12_411;Maasvlakte Plaza Noord (Hormuzstraat);447;134;581;76,9;134;31;51,6;spacesAvailable;2026-09-28 04:12:56;2,4;groep 2 capaciteit wijkt af (424 i.p.v. 408)
2026-09-28;04:15;2026-09-28 04:00;2026-09-28 02:15:22;NL-12_418;Maasvlakte Plaza Zuid (Luzonstraat 6);158;42;200;79,0;42;0;51,3;spacesAvailable;2026-09-28 04:13:35;1,8;groep 2 capaciteit wijkt af (168 i.p.v. 164)
2026-09-28;05:16;2026-09-28 05:00;2026-09-28 03:16:57;NL-12_411;Maasvlakte Plaza Noord (Hormuzstraat);418;163;581;71,9;163;30;48,8;spacesAvailable;2026-09-28 05:14:56;2,0;groep 4 capaciteit wijkt af (83 i.p.v. 77)
2026-09-28;05:16;2026-09-28 05:00;2026-09-28 03:16:57;NL-12_418;Maasvlakte Plaza Zuid (Luzonstraat 6);145;55;200;72,5;55;0;48,7;spacesAvailable;2026-09-28 05:15:35;1,4;
2026-09-28;06:17;2026-09-28 06:00;2026-09-28 04:17:06;NL-12_411;Maasvlakte Plaza Noord (Hormuzstraat);337;244;581;58,0;244;22;40,2;spacesAvailable;2026-09-28 06:14:57;2,2;groep 2 capaciteit wijkt af (414 i.p.v. 408)
2026-09-28;06:17;2026-09-28 06:00;2026-09-28 04:17:06;NL-12_418;Maasvlakte Plaza Zuid (Luzonstraat 6);111;89;200;55,5;89;0;37,7;spacesAvailable;2026-09-28 06:15:35;1,5;groep 2 capaciteit wijkt af (170 i.p.v. 164)
2026-09-28;07:16;2026-09-28 07:00;2026-09-28 05:16:09;NL-12_411;Maasvlakte Plaza Noord (Hormuzstraat);272;309;581;46,8;309;16;34,0;spacesAvailable;2026-09-28 07:13:57;2,2;
2026-09-28;07:16;2026-09-28 07:00;2026-09-28 05:16:09;NL-12_418;Maasvlakte Plaza Zuid (Luzonstraat 6);88;112;200;44,0;112;0;28,0;spacesAvailable;2026-09-28 07:14:35;1,6;groep 2 capaciteit wijkt af (168 i.p.v. 164)
2026-09-28;08:22;2026-09-28 08:00;2026-09-28 06:22:35;NL-12_411;Maasvlakte Plaza Noord (Hormuzstraat);224;357;581;38,6;357;15;26,8;spacesAvailable;2026-09-28 08:20:56;1,6;
2026-09-28;08:22;2026-09-28 08:00;2026-09-28 06:22:35;NL-12_418;Maasvlakte Plaza Zuid (Luzonstraat 6);72;128;200;36,0;128;0;21,0;spacesAvailable;2026-09-28 08:21:35;1,0;
2026-09-28;09:17;2026-09-28 09:00;2026-09-28 07:17:48;NL-12_411;Maasvlakte Plaza Noord (Hormuzstraat);178;403;581;30,6;403;7;18,4;spacesAvailable;2026-09-28 09:15:57;1,9;
2026-09-28;09:17;2026-09-28 09:00;2026-09-28 07:17:48;NL-12_418;Maasvlakte Plaza Zuid (Luzonstraat 6);72;128;200;36,0;128;0;19,3;spacesAvailable;2026-09-28 09:16:35;1,2;
2026-09-28;10:19;2026-09-28 10:00;2026-09-28 08:19:09;NL-12_411;Maasvlakte Plaza Noord (Hormuzstraat);136;445;581;23,4;445;3;13,8;spacesAvailable;2026-09-28 10:16:57;2,2;
2026-09-28;10:19;2026-09-28 10:00;2026-09-28 08:19:09;NL-12_418;Maasvlakte Plaza Zuid (Luzonstraat 6);54;146;200;27,0;146;0;14,7;spacesAvailable;2026-09-28 10:17:35;1,6;
2026-09-28;11:18;2026-09-28 11:00;2026-09-28 09:18:30;NL-12_411;Maasvlakte Plaza Noord (Hormuzstraat);129;452;581;22,2;452;3;13,6;spacesAvailable;2026-09-28 11:16:56;1,6;
2026-09-28;11:18;2026-09-28 11:00;2026-09-28 09:18:30;NL-12_418;Maasvlakte Plaza Zuid (Luzonstraat 6);54;146;200;27,0;146;0;14,3;spacesAvailable;2026-09-28 11:17:35;0,9;
2026-09-28;12:17;2026-09-28 12:00;2026-09-28 10:17:03;NL-12_411;Maasvlakte Plaza Noord (Hormuzstraat);102;479;581;17,6;479;3;8,2;spacesAvailable;2026-09-28 12:14:57;2,1;
2026-09-28;12:17;2026-09-28 12:00;2026-09-28 10:17:03;NL-12_418;Maasvlakte Plaza Zuid (Luzonstraat 6);42;158;200;21,0;158;0;11,0;spacesAvailable;2026-09-28 12:15:35;1,5;
2026-09-28;13:15;2026-09-28 13:00;2026-09-28 11:15:36;NL-12_411;Maasvlakte Plaza Noord (Hormuzstraat);95;486;581;16,4;486;3;7,6;spacesAvailable;2026-09-28 13:13:56;1,7;
2026-09-28;13:15;2026-09-28 13:00;2026-09-28 11:15:36;NL-12_418;Maasvlakte Plaza Zuid (Luzonstraat 6);52;148;200;26,0;148;0;13,0;spacesAvailable;2026-09-28 13:14:35;1,0;
2026-09-28;14:21;2026-09-28 14:00;2026-09-28 12:21:11;NL-12_411;Maasvlakte Plaza Noord (Hormuzstraat);102;479;581;17,6;479;3;8,0;spacesAvailable;2026-09-28 14:18:56;2,2;
2026-09-28;14:21;2026-09-28 14:00;2026-09-28 12:21:11;NL-12_418;Maasvlakte Plaza Zuid (Luzonstraat 6);53;147;200;26,5;147;0;12,7;spacesAvailable;2026-09-28 14:19:35;1,6;
2026-09-28;15:17;2026-09-28 15:00;2026-09-28 13:17:17;NL-12_411;Maasvlakte Plaza Noord (Hormuzstraat);117;464;581;20,1;464;5;12,0;spacesAvailable;2026-09-28 15:14:57;2,3;
2026-09-28;15:17;2026-09-28 15:00;2026-09-28 13:17:17;NL-12_418;Maasvlakte Plaza Zuid (Luzonstraat 6);48;152;200;24,0;152;0;11,7;spacesAvailable;2026-09-28 15:15:35;1,7;
2026-09-28;16:17;2026-09-28 16:00;2026-09-28 14:17:52;NL-12_411;Maasvlakte Plaza Noord (Hormuzstraat);146;435;581;25,1;435;2;9,6;spacesAvailable;2026-09-28 16:15:57;1,9;
2026-09-28;16:17;2026-09-28 16:00;2026-09-28 14:17:52;NL-12_418;Maasvlakte Plaza Zuid (Luzonstraat 6);51;149;200;25,5;149;0;12,0;spacesAvailable;2026-09-28 16:16:35;1,3;
2026-09-28;17:18;2026-09-28 17:00;2026-09-28 15:18:17;NL-12_411;Maasvlakte Plaza Noord (Hormuzstraat);193;388;581;33,2;388;4;12,8;spacesAvailable;2026-09-28 17:15:57;2,3;
2026-09-28;17:18;2026-09-28 17:00;2026-09-28 15:18:17;NL-12_418;Maasvlakte Plaza Zuid (Luzonstraat 6);67;133;200;33,5;133;0;16,3;spacesAvailable;2026-09-28 17:16:35;1,7;
2026-09-28;18:18;2026-09-28 18:00;2026-09-28 16:18:26;NL-12_411;Maasvlakte Plaza Noord (Hormuzstraat);284;297;581;48,9;297;10;22,8;spacesAvailable;2026-09-28 18:15:56;2,5;groep 2 capaciteit wijkt af (416 i.p.v. 408)
2026-09-28;18:18;2026-09-28 18:00;2026-09-28 16:18:26;NL-12_418;Maasvlakte Plaza Zuid (Luzonstraat 6);87;113;200;43,5;113;0;20,3;spacesAvailable;2026-09-28 18:16:35;1,9;
2026-09-28;19:15;2026-09-28 19:00;2026-09-28 17:15:23;NL-12_411;Maasvlakte Plaza Noord (Hormuzstraat);475;106;581;81,8;106;37;52,0;spacesAvailable;2026-09-28 19:12:57;2,4;
2026-09-28;19:15;2026-09-28 19:00;2026-09-28 17:15:23;NL-12_418;Maasvlakte Plaza Zuid (Luzonstraat 6);134;66;200;67,0;66;0;29,7;spacesAvailable;2026-09-28 19:13:35;1,8;
2026-09-28;20:18;2026-09-28 20:00;2026-09-28 18:18:32;NL-12_411;Maasvlakte Plaza Noord (Hormuzstraat);580;1;581;99,8;1;85;80,0;spacesAvailable;2026-09-28 20:16:57;1,6;
2026-09-28;20:18;2026-09-28 20:00;2026-09-28 18:18:32;NL-12_418;Maasvlakte Plaza Zuid (Luzonstraat 6);200;0;200;100,0;0;0;66,7;full;2026-09-28 20:17:35;1,0;
2026-09-28;21:15;2026-09-28 21:00;2026-09-28 19:15:03;NL-12_411;Maasvlakte Plaza Noord (Hormuzstraat);581;0;581;100,0;0;85;80,0;full;2026-09-28 21:12:56;2,1;
2026-09-28;21:15;2026-09-28 21:00;2026-09-28 19:15:03;NL-12_418;Maasvlakte Plaza Zuid (Luzonstraat 6);200;0;200;100,0;0;0;66,7;full;2026-09-28 21:13:35;1,5;
2026-09-28;22:14;2026-09-28 22:00;2026-09-28 20:14:45;NL-12_411;Maasvlakte Plaza Noord (Hormuzstraat);581;0;581;100,0;0;85;80,0;full;2026-09-28 22:12:57;1,8;
2026-09-28;22:14;2026-09-28 22:00;2026-09-28 20:14:45;NL-12_418;Maasvlakte Plaza Zuid (Luzonstraat 6);200;0;200;100,0;0;0;66,7;full;2026-09-28 22:13:35;1,2;
2026-09-28;23:15;2026-09-28 23:00;2026-09-28 21:15:37;NL-12_411;Maasvlakte Plaza Noord (Hormuzstraat);581;0;581;100,0;0;85;80,0;full;2026-09-28 23:13:56;1,7;
2026-09-28;23:15;2026-09-28 23:00;2026-09-28 21:15:37;NL-12_418;Maasvlakte Plaza Zuid (Luzonstraat 6);200;0;200;100,0;0;0;66,7;full;2026-09-28 23:14:35;1,0;
2026-09-29;00:15;2026-09-29 00:00;2026-09-28 22:15:29;NL-12_411;Maasvlakte Plaza Noord (Hormuzstraat);581;0;581;100,0;0;85;80,0;full;2026-09-29 00:13:56;1,5;
2026-09-29;00:15;2026-09-29 00:00;2026-09-28 22:15:29;NL-12_418;Maasvlakte Plaza Zuid (Luzonstraat 6);200;0;200;100,0;0;0;66,7;full;2026-09-29 00:14:35;0,9;
2026-09-29;01:14;2026-09-29 01:00;2026-09-28 23:14:16;NL-12_411;Maasvlakte Plaza Noord (Hormuzstraat);580;1;581;99,8;1;85;80,0;spacesAvailable;2026-09-29 01:11:57;2,3;
2026-09-29;01:14;2026-09-29 01:00;2026-09-28 23:14:16;NL-12_418;Maasvlakte Plaza Zuid (Luzonstraat 6);200;0;200;100,0;0;0;66,7;full;2026-09-29 01:12:35;1,7;
2026-09-29;02:22;2026-09-29 02:00;2026-09-29 00:22:01;NL-12_411;Maasvlakte Plaza Noord (Hormuzstraat);577;4;581;99,3;4;85;80,0;spacesAvailable;2026-09-29 02:19:56;2,1;
2026-09-29;02:22;2026-09-29 02:00;2026-09-29 00:22:01;NL-12_418;Maasvlakte Plaza Zuid (Luzonstraat 6);199;1;200;99,5;1;0;66,7;spacesAvailable;2026-09-29 02:20:35;1,4;
2026-09-29;03:15;2026-09-29 03:00;2026-09-29 01:15:44;NL-12_411;Maasvlakte Plaza Noord (Hormuzstraat);568;13;581;97,8;13;85;79,4;spacesAvailable;2026-09-29 03:13:57;1,8;
2026-09-29;03:15;2026-09-29 03:00;2026-09-29 01:15:44;NL-12_418;Maasvlakte Plaza Zuid (Luzonstraat 6);196;4;200;98,0;4;0;65,7;spacesAvailable;2026-09-29 03:14:35;1,1;
2026-09-29;04:14;2026-09-29 04:00;2026-09-29 02:14:26;NL-12_411;Maasvlakte Plaza Noord (Hormuzstraat);507;74;581;87,3;74;80;73,2;spacesAvailable;2026-09-29 04:11:57;2,5;groep 2 capaciteit wijkt af (431 i.p.v. 408) | groep 4 capaciteit wijkt af (81 i.p.v. 77)
2026-09-29;04:14;2026-09-29 04:00;2026-09-29 02:14:26;NL-12_418;Maasvlakte Plaza Zuid (Luzonstraat 6);176;24;200;88,0;24;0;61,7;spacesAvailable;2026-09-29 04:12:35;1,9;groep 2 capaciteit wijkt af (177 i.p.v. 164)
2026-09-29;05:16;2026-09-29 05:00;2026-09-29 03:16:15;NL-12_411;Maasvlakte Plaza Noord (Hormuzstraat);380;201;581;65,4;201;56;56,6;spacesAvailable;2026-09-29 05:13:56;2,3;groep 2 capaciteit wijkt af (418 i.p.v. 408)
2026-09-29;05:16;2026-09-29 05:00;2026-09-29 03:16:15;NL-12_418;Maasvlakte Plaza Zuid (Luzonstraat 6);128;72;200;64,0;72;0;45,7;spacesAvailable;2026-09-29 05:14:35;1,7;
2026-09-29;06:16;2026-09-29 06:00;2026-09-29 04:16:08;NL-12_411;Maasvlakte Plaza Noord (Hormuzstraat);266;315;581;45,8;315;38;37,4;spacesAvailable;2026-09-29 06:13:57;2,2;groep 2 capaciteit wijkt af (417 i.p.v. 408)
2026-09-29;06:16;2026-09-29 06:00;2026-09-29 04:16:08;NL-12_418;Maasvlakte Plaza Zuid (Luzonstraat 6);79;121;200;39,5;121;0;26,3;spacesAvailable;2026-09-29 06:14:35;1,5;
2026-09-29;07:15;2026-09-29 07:00;2026-09-29 05:15:37;NL-12_411;Maasvlakte Plaza Noord (Hormuzstraat);176;405;581;30,3;405;21;22,2;spacesAvailable;2026-09-29 07:13:57;1,7;groep 2 capaciteit wijkt af (416 i.p.v. 408)
2026-09-29;07:15;2026-09-29 07:00;2026-09-29 05:15:37;NL-12_418;Maasvlakte Plaza Zuid (Luzonstraat 6);60;140;200;30,0;140;0;17,0;spacesAvailable;2026-09-29 07:14:35;1,0;
2026-09-29;08:20;2026-09-29 08:00;2026-09-29 06:20:06;NL-12_411;Maasvlakte Plaza Noord (Hormuzstraat);141;440;581;24,3;440;15;14,2;spacesAvailable;2026-09-29 08:17:57;2,1;groep 2 capaciteit wijkt af (414 i.p.v. 408)
2026-09-29;08:20;2026-09-29 08:00;2026-09-29 06:20:06;NL-12_418;Maasvlakte Plaza Zuid (Luzonstraat 6);64;136;200;32,0;136;0;17,3;spacesAvailable;2026-09-29 08:18:35;1,5;
2026-09-29;09:17;2026-09-29 09:00;2026-09-29 07:17:22;NL-12_411;Maasvlakte Plaza Noord (Hormuzstraat);115;466;581;19,8;466;10;8,8;spacesAvailable;2026-09-29 09:14:57;2,4;
2026-09-29;09:17;2026-09-29 09:00;2026-09-29 07:17:22;NL-12_418;Maasvlakte Plaza Zuid (Luzonstraat 6);61;139;200;30,5;139;0;14,7;spacesAvailable;2026-09-29 09:15:35;1,8;
2026-09-29;10:18;2026-09-29 10:00;2026-09-29 08:18:35;NL-12_411;Maasvlakte Plaza Noord (Hormuzstraat);91;490;581;15,7;490;5;6,0;spacesAvailable;2026-09-29 10:16:56;1,6;
2026-09-29;10:18;2026-09-29 10:00;2026-09-29 08:18:35;NL-12_418;Maasvlakte Plaza Zuid (Luzonstraat 6);61;139;200;30,5;139;0;13,0;spacesAvailable;2026-09-29 10:17:35;1,0;
2026-09-29;11:17;2026-09-29 11:00;2026-09-29 09:17:29;NL-12_411;Maasvlakte Plaza Noord (Hormuzstraat);93;488;581;16,0;488;7;7,6;spacesAvailable;2026-09-29 11:15:57;1,5;
2026-09-29;11:17;2026-09-29 11:00;2026-09-29 09:17:29;NL-12_418;Maasvlakte Plaza Zuid (Luzonstraat 6);55;145;200;27,5;145;0;12,0;spacesAvailable;2026-09-29 11:16:35;0,9;
2026-09-29;12:16;2026-09-29 12:00;2026-09-29 10:16:33;NL-12_411;Maasvlakte Plaza Noord (Hormuzstraat);90;491;581;15,5;491;5;6,6;spacesAvailable;2026-09-29 12:14:57;1,6;groep 2 capaciteit wijkt af (414 i.p.v. 408)
2026-09-29;12:16;2026-09-29 12:00;2026-09-29 10:16:33;NL-12_418;Maasvlakte Plaza Zuid (Luzonstraat 6);47;153;200;23,5;153;0;10,3;spacesAvailable;2026-09-29 12:15:35;1,0;
2026-09-29;13:15;2026-09-29 13:00;2026-09-29 11:15:33;NL-12_411;Maasvlakte Plaza Noord (Hormuzstraat);92;489;581;15,8;489;4;6,4;spacesAvailable;2026-09-29 13:13:57;1,6;groep 2 capaciteit wijkt af (414 i.p.v. 408)
2026-09-29;13:15;2026-09-29 13:00;2026-09-29 11:15:33;NL-12_418;Maasvlakte Plaza Zuid (Luzonstraat 6);56;144;200;28,0;144;0;12,0;spacesAvailable;2026-09-29 13:14:35;1,0;
2026-09-29;14:20;2026-09-29 14:00;2026-09-29 12:20:45;NL-12_418;Maasvlakte Plaza Zuid (Luzonstraat 6);54;146;200;27,0;146;0;11,0;spacesAvailable;2026-09-29 14:18:41;2,1;
2026-09-29;14:20;2026-09-29 14:00;2026-09-29 12:20:45;NL-12_411;Maasvlakte Plaza Noord (Hormuzstraat);82;499;581;14,1;499;2;5,2;spacesAvailable;2026-09-29 14:18:57;1,8;groep 2 capaciteit wijkt af (412 i.p.v. 408)
2026-09-29;15:19;2026-09-29 15:00;2026-09-29 13:19:17;NL-12_418;Maasvlakte Plaza Zuid (Luzonstraat 6);65;135;200;32,5;135;0;13,0;spacesAvailable;2026-09-29 15:16:41;2,6;
2026-09-29;15:19;2026-09-29 15:00;2026-09-29 13:19:17;NL-12_411;Maasvlakte Plaza Noord (Hormuzstraat);113;468;581;19,4;468;1;6,8;spacesAvailable;2026-09-29 15:17:23;1,9;
2026-09-29;16:17;2026-09-29 16:00;2026-09-29 14:17:11;NL-12_418;Maasvlakte Plaza Zuid (Luzonstraat 6);70;130;200;35,0;130;0;14,0;spacesAvailable;2026-09-29 16:14:41;2,5;
2026-09-29;16:17;2026-09-29 16:00;2026-09-29 14:17:11;NL-12_411;Maasvlakte Plaza Noord (Hormuzstraat);136;445;581;23,4;445;1;8,0;spacesAvailable;2026-09-29 16:15:23;1,8;groep 2 capaciteit wijkt af (412 i.p.v. 408)
2026-09-29;17:18;2026-09-29 17:00;2026-09-29 15:18:24;NL-12_418;Maasvlakte Plaza Zuid (Luzonstraat 6);86;114;200;43,0;114;0;17,3;spacesAvailable;2026-09-29 17:15:41;2,7;
2026-09-29;17:18;2026-09-29 17:00;2026-09-29 15:18:24;NL-12_411;Maasvlakte Plaza Noord (Hormuzstraat);184;397;581;31,7;397;4;11,8;spacesAvailable;2026-09-29 17:16:23;2,0;groep 2 capaciteit wijkt af (414 i.p.v. 408)
2026-09-29;18:18;2026-09-29 18:00;2026-09-29 16:18:05;NL-12_418;Maasvlakte Plaza Zuid (Luzonstraat 6);100;100;200;50,0;100;0;20,3;spacesAvailable;2026-09-29 18:15:41;2,4;
2026-09-29;18:18;2026-09-29 18:00;2026-09-29 16:18:05;NL-12_411;Maasvlakte Plaza Noord (Hormuzstraat);266;315;581;45,8;315;9;20,0;spacesAvailable;2026-09-29 18:16:23;1,7;
2026-09-29;19:14;2026-09-29 19:00;2026-09-29 17:14:29;NL-12_418;Maasvlakte Plaza Zuid (Luzonstraat 6);129;71;200;64,5;71;0;27,0;spacesAvailable;2026-09-29 19:12:41;1,8;
2026-09-29;19:14;2026-09-29 19:00;2026-09-29 17:14:29;NL-12_411;Maasvlakte Plaza Noord (Hormuzstraat);467;114;581;80,4;114;35;48,4;spacesAvailable;2026-09-29 19:13:23;1,1;groep 2 capaciteit wijkt af (438 i.p.v. 408)
2026-09-29;20:18;2026-09-29 20:00;2026-09-29 18:18:50;NL-12_418;Maasvlakte Plaza Zuid (Luzonstraat 6);199;1;200;99,5;1;0;66,7;spacesAvailable;2026-09-29 20:16:41;2,2;
2026-09-29;20:18;2026-09-29 20:00;2026-09-29 18:18:50;NL-12_411;Maasvlakte Plaza Noord (Hormuzstraat);581;0;581;100,0;0;85;80,0;full;2026-09-29 20:17:23;1,5;
2026-09-29;21:16;2026-09-29 21:00;2026-09-29 19:16:19;NL-12_418;Maasvlakte Plaza Zuid (Luzonstraat 6);200;0;200;100,0;0;0;66,7;full;2026-09-29 21:13:41;2,6;
2026-09-29;21:16;2026-09-29 21:00;2026-09-29 19:16:19;NL-12_411;Maasvlakte Plaza Noord (Hormuzstraat);577;4;581;99,3;4;84;77,4;spacesAvailable;2026-09-29 21:14:23;1,9;
2026-09-29;22:16;2026-09-29 22:00;2026-09-29 20:16:57;NL-12_418;Maasvlakte Plaza Zuid (Luzonstraat 6);200;0;200;100,0;0;0;66,7;full;2026-09-29 22:14:41;2,3;
2026-09-29;22:16;2026-09-29 22:00;2026-09-29 20:16:57;NL-12_411;Maasvlakte Plaza Noord (Hormuzstraat);579;2;581;99,7;2;85;80,0;spacesAvailable;2026-09-29 22:15:23;1,6;
2026-09-29;23:15;2026-09-29 23:00;2026-09-29 21:15:16;NL-12_418;Maasvlakte Plaza Zuid (Luzonstraat 6);200;0;200;100,0;0;0;66,7;full;2026-09-29 23:12:41;2,6;
2026-09-29;23:15;2026-09-29 23:00;2026-09-29 21:15:16;NL-12_411;Maasvlakte Plaza Noord (Hormuzstraat);581;0;581;100,0;0;85;80,0;full;2026-09-29 23:13:23;1,9;
2026-09-30;00:15;2026-09-30 00:00;2026-09-29 22:15:27;NL-12_418;Maasvlakte Plaza Zuid (Luzonstraat 6);200;0;200;100,0;0;0;66,7;full;2026-09-30 00:12:41;2,8;
2026-09-30;00:15;2026-09-30 00:00;2026-09-29 22:15:27;NL-12_411;Maasvlakte Plaza Noord (Hormuzstraat);581;0;581;100,0;0;85;80,0;full;2026-09-30 00:13:23;2,1;
2026-09-30;01:14;2026-09-30 01:00;2026-09-29 23:14:16;NL-12_418;Maasvlakte Plaza Zuid (Luzonstraat 6);200;0;200;100,0;0;0;66,7;full;2026-09-30 01:11:41;2,6;
2026-09-30;01:14;2026-09-30 01:00;2026-09-29 23:14:16;NL-12_411;Maasvlakte Plaza Noord (Hormuzstraat);580;1;581;99,8;1;85;80,0;spacesAvailable;2026-09-30 01:12:23;1,9;
2026-09-30;02:23;2026-09-30 02:00;2026-09-30 00:23:06;NL-12_418;Maasvlakte Plaza Zuid (Luzonstraat 6);200;0;200;100,0;0;0;66,7;full;2026-09-30 02:20:41;2,4;
2026-09-30;02:23;2026-09-30 02:00;2026-09-30 00:23:06;NL-12_411;Maasvlakte Plaza Noord (Hormuzstraat);572;9;581;98,5;9;85;79,6;spacesAvailable;2026-09-30 02:21:23;1,7;
2026-09-30;03:16;2026-09-30 03:00;2026-09-30 01:16:18;NL-12_418;Maasvlakte Plaza Zuid (Luzonstraat 6);192;8;200;96,0;8;0;65,3;spacesAvailable;2026-09-30 03:13:41;2,6;
2026-09-30;03:16;2026-09-30 03:00;2026-09-30 01:16:18;NL-12_411;Maasvlakte Plaza Noord (Hormuzstraat);570;11;581;98,1;11;85;79,6;spacesAvailable;2026-09-30 03:14:23;1,9;
2026-09-30;04:15;2026-09-30 04:00;2026-09-30 02:15:24;NL-12_418;Maasvlakte Plaza Zuid (Luzonstraat 6);176;24;200;88,0;24;0;62,0;spacesAvailable;2026-09-30 04:12:41;2,7;groep 2 capaciteit wijkt af (171 i.p.v. 164)
2026-09-30;04:15;2026-09-30 04:00;2026-09-30 02:15:24;NL-12_411;Maasvlakte Plaza Noord (Hormuzstraat);506;75;581;87,1;75;85;74,2;spacesAvailable;2026-09-30 04:13:23;2,0;groep 2 capaciteit wijkt af (450 i.p.v. 408)
2026-09-30;05:16;2026-09-30 05:00;2026-09-30 03:16:46;NL-12_418;Maasvlakte Plaza Zuid (Luzonstraat 6);111;89;200;55,5;89;0;38,0;spacesAvailable;2026-09-30 05:14:41;2,1;
2026-09-30;05:16;2026-09-30 05:00;2026-09-30 03:16:46;NL-12_411;Maasvlakte Plaza Noord (Hormuzstraat);378;203;581;65,1;203;67;58,6;spacesAvailable;2026-09-30 05:15:23;1,4;groep 2 capaciteit wijkt af (428 i.p.v. 408)
2026-09-30;06:17;2026-09-30 06:00;2026-09-30 04:17:26;NL-12_418;Maasvlakte Plaza Zuid (Luzonstraat 6);77;123;200;38,5;123;0;25,3;spacesAvailable;2026-09-30 06:14:41;2,8;
2026-09-30;06:17;2026-09-30 06:00;2026-09-30 04:17:26;NL-12_411;Maasvlakte Plaza Noord (Hormuzstraat);211;370;581;36,3;370;29;26,6;spacesAvailable;2026-09-30 06:15:23;2,1;groep 2 capaciteit wijkt af (421 i.p.v. 408)
2026-09-30;07:16;2026-09-30 07:00;2026-09-30 05:16:30;NL-12_418;Maasvlakte Plaza Zuid (Luzonstraat 6);46;154;200;23,0;154;0;13,0;spacesAvailable;2026-09-30 07:14:41;1,8;
2026-09-30;07:16;2026-09-30 07:00;2026-09-30 05:16:30;NL-12_411;Maasvlakte Plaza Noord (Hormuzstraat);134;447;581;23,1;447;14;17,8;spacesAvailable;2026-09-30 07:15:23;1,1;groep 2 capaciteit wijkt af (426 i.p.v. 408)
2026-09-30;08:20;2026-09-30 08:00;2026-09-30 06:20:42;NL-12_418;Maasvlakte Plaza Zuid (Luzonstraat 6);41;159;200;20,5;159;0;9,7;spacesAvailable;2026-09-30 08:18:41;2,0;
2026-09-30;08:20;2026-09-30 08:00;2026-09-30 06:20:42;NL-12_411;Maasvlakte Plaza Noord (Hormuzstraat);112;469;581;19,3;469;7;12,0;spacesAvailable;2026-09-30 08:19:23;1,3;groep 2 capaciteit wijkt af (423 i.p.v. 408)
2026-09-30;09:17;2026-09-30 09:00;2026-09-30 07:17:57;NL-12_418;Maasvlakte Plaza Zuid (Luzonstraat 6);42;158;200;21,0;158;0;9,3;spacesAvailable;2026-09-30 09:15:41;2,3;
2026-09-30;09:17;2026-09-30 09:00;2026-09-30 07:17:57;NL-12_411;Maasvlakte Plaza Noord (Hormuzstraat);104;477;581;17,9;477;4;10,6;spacesAvailable;2026-09-30 09:16:23;1,6;groep 2 capaciteit wijkt af (421 i.p.v. 408)
2026-09-30;10:18;2026-09-30 10:00;2026-09-30 08:18:30;NL-12_418;Maasvlakte Plaza Zuid (Luzonstraat 6);54;146;200;27,0;146;0;11,7;spacesAvailable;2026-09-30 10:16:41;1,8;
2026-09-30;10:18;2026-09-30 10:00;2026-09-30 08:18:30;NL-12_411;Maasvlakte Plaza Noord (Hormuzstraat);93;488;581;16,0;488;4;9,6;spacesAvailable;2026-09-30 10:17:23;1,1;groep 2 capaciteit wijkt af (426 i.p.v. 408)
2026-09-30;11:16;2026-09-30 11:00;2026-09-30 09:16:31;NL-12_418;Maasvlakte Plaza Zuid (Luzonstraat 6);50;150;200;25,0;150;0;11,0;spacesAvailable;2026-09-30 11:14:41;1,8;
2026-09-30;11:16;2026-09-30 11:00;2026-09-30 09:16:31;NL-12_411;Maasvlakte Plaza Noord (Hormuzstraat);94;487;581;16,2;487;4;6,8;spacesAvailable;2026-09-30 11:15:23;1,1;groep 2 capaciteit wijkt af (422 i.p.v. 408)
2026-09-30;12:17;2026-09-30 12:00;2026-09-30 10:17:04;NL-12_418;Maasvlakte Plaza Zuid (Luzonstraat 6);42;158;200;21,0;158;0;8,3;spacesAvailable;2026-09-30 12:14:41;2,4;
2026-09-30;12:17;2026-09-30 12:00;2026-09-30 10:17:04;NL-12_411;Maasvlakte Plaza Noord (Hormuzstraat);91;490;581;15,7;490;3;5,6;spacesAvailable;2026-09-30 12:15:23;1,7;
2026-09-30;13:15;2026-09-30 13:00;2026-09-30 11:15:04;NL-12_418;Maasvlakte Plaza Zuid (Luzonstraat 6);50;150;200;25,0;150;0;10,0;spacesAvailable;2026-09-30 13:12:41;2,4;
2026-09-30;13:15;2026-09-30 13:00;2026-09-30 11:15:04;NL-12_411;Maasvlakte Plaza Noord (Hormuzstraat);101;480;581;17,4;480;5;7,0;spacesAvailable;2026-09-30 13:13:23;1,7;
2026-09-30;14:24;2026-09-30 14:00;2026-09-30 12:24:12;NL-12_418;Maasvlakte Plaza Zuid (Luzonstraat 6);46;154;200;23,0;154;0;9,3;spacesAvailable;2026-09-30 14:21:41;2,5;
2026-09-30;14:24;2026-09-30 14:00;2026-09-30 12:24:12;NL-12_411;Maasvlakte Plaza Noord (Hormuzstraat);102;479;581;17,6;479;4;7,0;spacesAvailable;2026-09-30 14:22:23;1,8;
2026-09-30;15:19;2026-09-30 15:00;2026-09-30 13:19:29;NL-12_418;Maasvlakte Plaza Zuid (Luzonstraat 6);52;148;200;26,0;148;0;12,0;spacesAvailable;2026-09-30 15:17:41;1,8;
2026-09-30;15:19;2026-09-30 15:00;2026-09-30 13:19:29;NL-12_411;Maasvlakte Plaza Noord (Hormuzstraat);103;478;581;17,7;478;3;6,2;spacesAvailable;2026-09-30 15:18:23;1,1;
2026-09-30;16:19;2026-09-30 16:00;2026-09-30 14:19:05;NL-12_418;Maasvlakte Plaza Zuid (Luzonstraat 6);40;160;200;20,0;160;0;8,7;spacesAvailable;2026-09-30 16:16:41;2,4;
2026-09-30;16:19;2026-09-30 16:00;2026-09-30 14:19:05;NL-12_411;Maasvlakte Plaza Noord (Hormuzstraat);121;460;581;20,8;460;4;7,8;spacesAvailable;2026-09-30 16:17:23;1,7;
2026-09-30;17:20;2026-09-30 17:00;2026-09-30 15:20:07;NL-12_418;Maasvlakte Plaza Zuid (Luzonstraat 6);52;148;200;26,0;148;0;11,3;spacesAvailable;2026-09-30 17:17:41;2,4;
2026-09-30;17:20;2026-09-30 17:00;2026-09-30 15:20:07;NL-12_411;Maasvlakte Plaza Noord (Hormuzstraat);171;410;581;29,4;410;9;12,0;spacesAvailable;2026-09-30 17:18:23;1,7;
2026-09-30;18:18;2026-09-30 18:00;2026-09-30 16:18:43;NL-12_418;Maasvlakte Plaza Zuid (Luzonstraat 6);81;119;200;40,5;119;0;18,0;spacesAvailable;2026-09-30 18:16:41;2,0;
2026-09-30;18:18;2026-09-30 18:00;2026-09-30 16:18:43;NL-12_411;Maasvlakte Plaza Noord (Hormuzstraat);232;349;581;39,9;349;12;16,4;spacesAvailable;2026-09-30 18:17:23;1,3;
2026-09-30;19:16;2026-09-30 19:00;2026-09-30 17:16:28;NL-12_418;Maasvlakte Plaza Zuid (Luzonstraat 6);146;54;200;73,0;54;0;36,3;spacesAvailable;2026-09-30 19:13:41;2,8;groep 2 capaciteit wijkt af (169 i.p.v. 164)
2026-09-30;19:16;2026-09-30 19:00;2026-09-30 17:16:28;NL-12_411;Maasvlakte Plaza Noord (Hormuzstraat);325;256;581;55,9;256;16;31,2;spacesAvailable;2026-09-30 19:14:23;2,1;groep 2 capaciteit wijkt af (413 i.p.v. 408)
2026-09-30;20:18;2026-09-30 20:00;2026-09-30 18:18:08;NL-12_418;Maasvlakte Plaza Zuid (Luzonstraat 6);200;0;200;100,0;0;0;66,7;full;2026-09-30 20:15:41;2,5;
2026-09-30;20:18;2026-09-30 20:00;2026-09-30 18:18:08;NL-12_411;Maasvlakte Plaza Noord (Hormuzstraat);513;68;581;88,3;68;56;59,2;spacesAvailable;2026-09-30 20:16:23;1,8;groep 2 capaciteit wijkt af (425 i.p.v. 408)
2026-09-30;21:16;2026-09-30 21:00;2026-09-30 19:16:50;NL-12_418;Maasvlakte Plaza Zuid (Luzonstraat 6);200;0;200;100,0;0;0;66,7;full;2026-09-30 21:14:41;2,2;
2026-09-30;21:16;2026-09-30 21:00;2026-09-30 19:16:50;NL-12_411;Maasvlakte Plaza Noord (Hormuzstraat);571;10;581;98,3;10;85;79,6;spacesAvailable;2026-09-30 21:15:23;1,5;
2026-09-30;22:16;2026-09-30 22:00;2026-09-30 20:16:51;NL-12_418;Maasvlakte Plaza Zuid (Luzonstraat 6);200;0;200;100,0;0;0;66,7;full;2026-09-30 22:14:41;2,2;
2026-09-30;22:16;2026-09-30 22:00;2026-09-30 20:16:51;NL-12_411;Maasvlakte Plaza Noord (Hormuzstraat);581;0;581;100,0;0;85;80,0;full;2026-09-30 22:15:23;1,5;
2026-09-30;23:15;2026-09-30 23:00;2026-09-30 21:15:23;NL-12_418;Maasvlakte Plaza Zuid (Luzonstraat 6);200;0;200;100,0;0;0;66,7;full;2026-09-30 23:12:41;2,7;
2026-09-30;23:15;2026-09-30 23:00;2026-09-30 21:15:23;NL-12_411;Maasvlakte Plaza Noord (Hormuzstraat);581;0;581;100,0;0;85;80,0;full;2026-09-30 23:13:23;2,0;
2026-10-01;00:16;2026-10-01 00:00;2026-09-30 22:16:17;NL-12_418;Maasvlakte Plaza Zuid (Luzonstraat 6);200;0;200;100,0;0;0;66,7;full;2026-10-01 00:13:41;2,6;
2026-10-01;00:16;2026-10-01 00:00;2026-09-30 22:16:17;NL-12_411;Maasvlakte Plaza Noord (Hormuzstraat);579;2;581;99,7;2;85;80,0;spacesAvailable;2026-10-01 00:14:23;1,9;
2026-10-01;01:14;2026-10-01 01:00;2026-09-30 23:14:09;NL-12_418;Maasvlakte Plaza Zuid (Luzonstraat 6);200;0;200;100,0;0;0;66,7;full;2026-10-01 01:11:41;2,5;
2026-10-01;01:14;2026-10-01 01:00;2026-09-30 23:14:09;NL-12_411;Maasvlakte Plaza Noord (Hormuzstraat);580;1;581;99,8;1;85;80,0;spacesAvailable;2026-10-01 01:12:23;1,8;
2026-10-01;02:24;2026-10-01 02:00;2026-10-01 00:24:09;NL-12_418;Maasvlakte Plaza Zuid (Luzonstraat 6);197;3;200;98,5;3;0;66,3;spacesAvailable;2026-10-01 02:21:41;2,5;
2026-10-01;02:24;2026-10-01 02:00;2026-10-01 00:24:09;NL-12_411;Maasvlakte Plaza Noord (Hormuzstraat);568;13;581;97,8;13;83;78,8;spacesAvailable;2026-10-01 02:22:23;1,8;
2026-10-01;03:16;2026-10-01 03:00;2026-10-01 01:16:57;NL-12_418;Maasvlakte Plaza Zuid (Luzonstraat 6);191;9;200;95,5;9;0;65,0;spacesAvailable;2026-10-01 03:14:41;2,3;
2026-10-01;03:16;2026-10-01 03:00;2026-10-01 01:16:57;NL-12_411;Maasvlakte Plaza Noord (Hormuzstraat);557;24;581;95,9;24;82;78,0;spacesAvailable;2026-10-01 03:15:23;1,6;
2026-10-01;04:16;2026-10-01 04:00;2026-10-01 02:16:05;NL-12_418;Maasvlakte Plaza Zuid (Luzonstraat 6);178;22;200;89,0;22;0;62,3;spacesAvailable;2026-10-01 04:13:41;2,4;groep 2 capaciteit wijkt af (169 i.p.v. 164)
2026-10-01;04:16;2026-10-01 04:00;2026-10-01 02:16:05;NL-12_411;Maasvlakte Plaza Noord (Hormuzstraat);513;68;581;88,3;68;82;73,0;spacesAvailable;2026-10-01 04:14:23;1,7;groep 2 capaciteit wijkt af (421 i.p.v. 408) | groep 4 capaciteit wijkt af (83 i.p.v. 77)
2026-10-01;05:17;2026-10-01 05:00;2026-10-01 03:17:20;NL-12_418;Maasvlakte Plaza Zuid (Luzonstraat 6);123;77;200;61,5;77;0;41,7;spacesAvailable;2026-10-01 05:14:41;2,7;
2026-10-01;05:17;2026-10-01 05:00;2026-10-01 03:17:20;NL-12_411;Maasvlakte Plaza Noord (Hormuzstraat);403;178;581;69,4;178;74;58,0;spacesAvailable;2026-10-01 05:15:23;2,0;groep 2 capaciteit wijkt af (426 i.p.v. 408) | groep 1000 capaciteit wijkt af (92 i.p.v. 88)
2026-10-01;06:17;2026-10-01 06:00;2026-10-01 04:17:20;NL-12_418;Maasvlakte Plaza Zuid (Luzonstraat 6);77;123;200;38,5;123;0;25,3;spacesAvailable;2026-10-01 06:14:41;2,7;
2026-10-01;06:17;2026-10-01 06:00;2026-10-01 04:17:20;NL-12_411;Maasvlakte Plaza Noord (Hormuzstraat);247;334;581;42,5;334;37;34,4;spacesAvailable;2026-10-01 06:15:23;2,0;groep 2 capaciteit wijkt af (418 i.p.v. 408)
2026-10-01;07:16;2026-10-01 07:00;2026-10-01 05:16:30;NL-12_418;Maasvlakte Plaza Zuid (Luzonstraat 6);55;145;200;27,5;145;0;15,7;spacesAvailable;2026-10-01 07:14:41;1,8;
2026-10-01;07:16;2026-10-01 07:00;2026-10-01 05:16:30;NL-12_411;Maasvlakte Plaza Noord (Hormuzstraat);168;413;581;28,9;413;23;25,4;spacesAvailable;2026-10-01 07:15:23;1,1;groep 2 capaciteit wijkt af (421 i.p.v. 408)
2026-10-01;08:22;2026-10-01 08:00;2026-10-01 06:22:08;NL-12_418;Maasvlakte Plaza Zuid (Luzonstraat 6);47;153;200;23,5;153;0;10,3;spacesAvailable;2026-10-01 08:19:41;2,5;
2026-10-01;08:22;2026-10-01 08:00;2026-10-01 06:22:08;NL-12_411;Maasvlakte Plaza Noord (Hormuzstraat);130;451;581;22,4;451;10;20,0;spacesAvailable;2026-10-01 08:20:23;1,8;groep 2 capaciteit wijkt af (419 i.p.v. 408)
2026-10-01;09:18;2026-10-01 09:00;2026-10-01 07:18:23;NL-12_418;Maasvlakte Plaza Zuid (Luzonstraat 6);51;149;200;25,5;149;0;10,3;spacesAvailable;2026-10-01 09:15:41;2,7;
2026-10-01;09:18;2026-10-01 09:00;2026-10-01 07:18:23;NL-12_411;Maasvlakte Plaza Noord (Hormuzstraat);112;469;581;19,3;469;8;13,4;spacesAvailable;2026-10-01 09:16:23;2,0;groep 2 capaciteit wijkt af (423 i.p.v. 408)
2026-10-01;10:18;2026-10-01 10:00;2026-10-01 08:18:40;NL-12_418;Maasvlakte Plaza Zuid (Luzonstraat 6);47;153;200;23,5;153;0;9,3;spacesAvailable;2026-10-01 10:16:41;2,0;
2026-10-01;10:18;2026-10-01 10:00;2026-10-01 08:18:40;NL-12_411;Maasvlakte Plaza Noord (Hormuzstraat);107;474;581;18,4;474;8;12,8;spacesAvailable;2026-10-01 10:17:23;1,3;groep 2 capaciteit wijkt af (423 i.p.v. 408)
2026-10-01;11:18;2026-10-01 11:00;2026-10-01 09:18:48;NL-12_418;Maasvlakte Plaza Zuid (Luzonstraat 6);47;153;200;23,5;153;0;9,3;spacesAvailable;2026-10-01 11:16:41;2,1;
2026-10-01;11:18;2026-10-01 11:00;2026-10-01 09:18:48;NL-12_411;Maasvlakte Plaza Noord (Hormuzstraat);105;476;581;18,1;476;7;13,2;spacesAvailable;2026-10-01 11:17:23;1,4;groep 2 capaciteit wijkt af (422 i.p.v. 408)
2026-10-01;12:17;2026-10-01 12:00;2026-10-01 10:17:48;NL-12_418;Maasvlakte Plaza Zuid (Luzonstraat 6);47;153;200;23,5;153;0;9,3;spacesAvailable;2026-10-01 12:15:41;2,1;
2026-10-01;12:17;2026-10-01 12:00;2026-10-01 10:17:48;NL-12_411;Maasvlakte Plaza Noord (Hormuzstraat);104;477;581;17,9;477;4;12,2;spacesAvailable;2026-10-01 12:16:23;1,4;groep 2 capaciteit wijkt af (418 i.p.v. 408)
2026-10-01;13:16;2026-10-01 13:00;2026-10-01 11:16:05;NL-12_418;Maasvlakte Plaza Zuid (Luzonstraat 6);47;153;200;23,5;153;0;9,3;spacesAvailable;2026-10-01 13:13:41;2,4;
2026-10-01;13:16;2026-10-01 13:00;2026-10-01 11:16:05;NL-12_411;Maasvlakte Plaza Noord (Hormuzstraat);96;485;581;16,5;485;4;12,0;spacesAvailable;2026-10-01 13:14:23;1,7;groep 2 capaciteit wijkt af (419 i.p.v. 408)
2026-10-01;14:21;2026-10-01 14:00;2026-10-01 12:21:43;NL-12_418;Maasvlakte Plaza Zuid (Luzonstraat 6);47;153;200;23,5;153;0;9,3;spacesAvailable;2026-10-01 14:19:41;2,0;
2026-10-01;14:21;2026-10-01 14:00;2026-10-01 12:21:43;NL-12_411;Maasvlakte Plaza Noord (Hormuzstraat);73;508;581;12,6;508;1;7,4;spacesAvailable;2026-10-01 14:20:23;1,3;groep 2 capaciteit wijkt af (418 i.p.v. 408)
2026-10-01;15:20;2026-10-01 15:00;2026-10-01 13:20:03;NL-12_418;Maasvlakte Plaza Zuid (Luzonstraat 6);49;151;200;24,5;151;0;10,0;spacesAvailable;2026-10-01 15:17:41;2,4;
2026-10-01;15:20;2026-10-01 15:00;2026-10-01 13:20:03;NL-12_411;Maasvlakte Plaza Noord (Hormuzstraat);75;506;581;12,9;506;2;7,8;spacesAvailable;2026-10-01 15:18:23;1,7;groep 2 capaciteit wijkt af (422 i.p.v. 408)
2026-10-01;16:18;2026-10-01 16:00;2026-10-01 14:18:50;NL-12_418;Maasvlakte Plaza Zuid (Luzonstraat 6);56;144;200;28,0;144;0;12,0;spacesAvailable;2026-10-01 16:16:41;2,2;
2026-10-01;16:18;2026-10-01 16:00;2026-10-01 14:18:50;NL-12_411;Maasvlakte Plaza Noord (Hormuzstraat);107;474;581;18,4;474;5;10,8;spacesAvailable;2026-10-01 16:17:23;1,5;groep 2 capaciteit wijkt af (423 i.p.v. 408)
2026-10-01;17:17;2026-10-01 17:00;2026-10-01 15:17:31;NL-12_418;Maasvlakte Plaza Zuid (Luzonstraat 6);71;129;200;35,5;129;0;16,7;spacesAvailable;2026-10-01 17:15:41;1,8;
2026-10-01;17:17;2026-10-01 17:00;2026-10-01 15:17:31;NL-12_411;Maasvlakte Plaza Noord (Hormuzstraat);158;423;581;27,2;423;7;11,2;spacesAvailable;2026-10-01 17:16:23;1,1;groep 2 capaciteit wijkt af (419 i.p.v. 408)
2026-10-01;18:15;2026-10-01 18:00;2026-10-01 16:15:58;NL-12_418;Maasvlakte Plaza Zuid (Luzonstraat 6);93;107;200;46,5;107;0;22,0;spacesAvailable;2026-10-01 18:13:41;2,3;
2026-10-01;18:15;2026-10-01 18:00;2026-10-01 16:15:58;NL-12_411;Maasvlakte Plaza Noord (Hormuzstraat);247;334;581;42,5;334;8;16,2;spacesAvailable;2026-10-01 18:14:23;1,6;groep 2 capaciteit wijkt af (411 i.p.v. 408)
2026-10-01;19:16;2026-10-01 19:00;2026-10-01 17:16:28;NL-12_418;Maasvlakte Plaza Zuid (Luzonstraat 6);135;65;200;67,5;65;0;32,0;spacesAvailable;2026-10-01 19:13:41;2,8;
2026-10-01;19:16;2026-10-01 19:00;2026-10-01 17:16:28;NL-12_411;Maasvlakte Plaza Noord (Hormuzstraat);416;165;581;71,6;165;12;41,0;spacesAvailable;2026-10-01 19:14:23;2,1;
2026-10-01;20:20;2026-10-01 20:00;2026-10-01 18:20:25;NL-12_418;Maasvlakte Plaza Zuid (Luzonstraat 6);200;0;200;100,0;0;0;66,7;full;2026-10-01 20:17:41;2,7;
2026-10-01;20:20;2026-10-01 20:00;2026-10-01 18:20:25;NL-12_411;Maasvlakte Plaza Noord (Hormuzstraat);582;-1;581;100,2;-1;85;80,0;full;2026-10-01 20:18:23;2,0;negatieve waarde in NDW-totaal
2026-10-01;21:16;2026-10-01 21:00;2026-10-01 19:16:56;NL-12_418;Maasvlakte Plaza Zuid (Luzonstraat 6);199;1;200;99,5;1;0;66,7;spacesAvailable;2026-10-01 21:14:41;2,3;
2026-10-01;21:16;2026-10-01 21:00;2026-10-01 19:16:56;NL-12_411;Maasvlakte Plaza Noord (Hormuzstraat);580;1;581;99,8;1;85;80,0;spacesAvailable;2026-10-01 21:15:23;1,6;
2026-10-01;22:16;2026-10-01 22:00;2026-10-01 20:16:47;NL-12_418;Maasvlakte Plaza Zuid (Luzonstraat 6);200;0;200;100,0;0;0;66,7;full;2026-10-01 22:14:41;2,1;
2026-10-01;22:16;2026-10-01 22:00;2026-10-01 20:16:47;NL-12_411;Maasvlakte Plaza Noord (Hormuzstraat);580;1;581;99,8;1;85;80,0;spacesAvailable;2026-10-01 22:15:23;1,4;
2026-10-01;23:15;2026-10-01 23:00;2026-10-01 21:15:37;NL-12_418;Maasvlakte Plaza Zuid (Luzonstraat 6);200;0;200;100,0;0;0;66,7;full;2026-10-01 23:13:41;1,9;
2026-10-01;23:15;2026-10-01 23:00;2026-10-01 21:15:37;NL-12_411;Maasvlakte Plaza Noord (Hormuzstraat);581;0;581;100,0;0;85;80,0;full;2026-10-01 23:14:23;1,2;
2026-10-02;00:14;2026-10-02 00:00;2026-10-01 22:14:30;NL-12_418;Maasvlakte Plaza Zuid (Luzonstraat 6);199;1;200;99,5;1;0;66,7;spacesAvailable;2026-10-02 00:12:41;1,8;
2026-10-02;00:14;2026-10-02 00:00;2026-10-01 22:14:30;NL-12_411;Maasvlakte Plaza Noord (Hormuzstraat);580;1;581;99,8;1;85;80,0;spacesAvailable;2026-10-02 00:13:23;1,1;
2026-10-02;01:13;2026-10-02 01:00;2026-10-01 23:13:03;NL-12_418;Maasvlakte Plaza Zuid (Luzonstraat 6);198;2;200;99,0;2;0;66,3;spacesAvailable;2026-10-02 01:10:41;2,4;
2026-10-02;01:13;2026-10-02 01:00;2026-10-01 23:13:03;NL-12_411;Maasvlakte Plaza Noord (Hormuzstraat);579;2;581;99,7;2;85;80,0;spacesAvailable;2026-10-02 01:11:23;1,7;
2026-10-02;02:22;2026-10-02 02:00;2026-10-02 00:22:56;NL-12_418;Maasvlakte Plaza Zuid (Luzonstraat 6);199;1;200;99,5;1;0;66,7;spacesAvailable;2026-10-02 02:20:41;2,2;
2026-10-02;02:22;2026-10-02 02:00;2026-10-02 00:22:56;NL-12_411;Maasvlakte Plaza Noord (Hormuzstraat);579;2;581;99,7;2;85;80,0;spacesAvailable;2026-10-02 02:21:23;1,5;
2026-10-02;03:16;2026-10-02 03:00;2026-10-02 01:16:17;NL-12_418;Maasvlakte Plaza Zuid (Luzonstraat 6);193;7;200;96,5;7;0;65,0;spacesAvailable;2026-10-02 03:13:41;2,6;
2026-10-02;03:16;2026-10-02 03:00;2026-10-02 01:16:17;NL-12_411;Maasvlakte Plaza Noord (Hormuzstraat);562;19;581;96,7;19;83;78,8;spacesAvailable;2026-10-02 03:14:23;1,9;
2026-10-02;04:15;2026-10-02 04:00;2026-10-02 02:15:27;NL-12_418;Maasvlakte Plaza Zuid (Luzonstraat 6);174;26;200;87,0;26;0;59,7;spacesAvailable;2026-10-02 04:12:41;2,8;groep 2 capaciteit wijkt af (177 i.p.v. 164)
2026-10-02;04:15;2026-10-02 04:00;2026-10-02 02:15:27;NL-12_411;Maasvlakte Plaza Noord (Hormuzstraat);499;82;581;85,9;82;81;73,4;spacesAvailable;2026-10-02 04:13:23;2,1;groep 2 capaciteit wijkt af (447 i.p.v. 408)
2026-10-02;05:16;2026-10-02 05:00;2026-10-02 03:16:28;NL-12_418;Maasvlakte Plaza Zuid (Luzonstraat 6);112;88;200;56,0;88;0;35,7;spacesAvailable;2026-10-02 05:13:41;2,8;groep 2 capaciteit wijkt af (168 i.p.v. 164)
2026-10-02;05:16;2026-10-02 05:00;2026-10-02 03:16:28;NL-12_411;Maasvlakte Plaza Noord (Hormuzstraat);372;209;581;64,0;209;61;57,0;spacesAvailable;2026-10-02 05:14:23;2,1;groep 2 capaciteit wijkt af (431 i.p.v. 408)
2026-10-02;06:17;2026-10-02 06:00;2026-10-02 04:17:03;NL-12_418;Maasvlakte Plaza Zuid (Luzonstraat 6);84;116;200;42,0;116;0;26,3;spacesAvailable;2026-10-02 06:14:41;2,4;groep 2 capaciteit wijkt af (167 i.p.v. 164)
2026-10-02;06:17;2026-10-02 06:00;2026-10-02 04:17:03;NL-12_411;Maasvlakte Plaza Noord (Hormuzstraat);226;355;581;38,9;355;35;35,8;spacesAvailable;2026-10-02 06:15:23;1,7;groep 2 capaciteit wijkt af (425 i.p.v. 408)
2026-10-02;07:15;2026-10-02 07:00;2026-10-02 05:15:57;NL-12_418;Maasvlakte Plaza Zuid (Luzonstraat 6);54;146;200;27,0;146;0;15,7;spacesAvailable;2026-10-02 07:13:41;2,3;
2026-10-02;07:15;2026-10-02 07:00;2026-10-02 05:15:57;NL-12_411;Maasvlakte Plaza Noord (Hormuzstraat);112;469;581;19,3;469;17;11,2;spacesAvailable;2026-10-02 07:14:23;1,6;groep 2 capaciteit wijkt af (425 i.p.v. 408)
2026-10-02;08:20;2026-10-02 08:00;2026-10-02 06:20:15;NL-12_418;Maasvlakte Plaza Zuid (Luzonstraat 6);59;141;200;29,5;141;0;16,0;spacesAvailable;2026-10-02 08:17:41;2,6;
2026-10-02;08:20;2026-10-02 08:00;2026-10-02 06:20:15;NL-12_411;Maasvlakte Plaza Noord (Hormuzstraat);91;490;581;15,7;490;11;9,0;spacesAvailable;2026-10-02 08:18:23;1,9;groep 2 capaciteit wijkt af (426 i.p.v. 408)
2026-10-02;09:17;2026-10-02 09:00;2026-10-02 07:17:44;NL-12_418;Maasvlakte Plaza Zuid (Luzonstraat 6);59;141;200;29,5;141;0;14,7;spacesAvailable;2026-10-02 09:15:41;2,0;
2026-10-02;09:17;2026-10-02 09:00;2026-10-02 07:17:44;NL-12_411;Maasvlakte Plaza Noord (Hormuzstraat);75;506;581;12,9;506;5;6,2;spacesAvailable;2026-10-02 09:16:23;1,3;groep 2 capaciteit wijkt af (423 i.p.v. 408)
2026-10-02;10:17;2026-10-02 10:00;2026-10-02 08:17:47;NL-12_418;Maasvlakte Plaza Zuid (Luzonstraat 6);60;140;200;30,0;140;0;14,0;spacesAvailable;2026-10-02 10:15:41;2,1;
2026-10-02;10:17;2026-10-02 10:00;2026-10-02 08:17:47;NL-12_411;Maasvlakte Plaza Noord (Hormuzstraat);74;507;581;12,7;507;4;5,8;spacesAvailable;2026-10-02 10:16:23;1,4;groep 2 capaciteit wijkt af (422 i.p.v. 408)
2026-10-02;11:16;2026-10-02 11:00;2026-10-02 09:16:56;NL-12_418;Maasvlakte Plaza Zuid (Luzonstraat 6);52;148;200;26,0;148;0;12,3;spacesAvailable;2026-10-02 11:14:41;2,3;
2026-10-02;11:16;2026-10-02 11:00;2026-10-02 09:16:56;NL-12_411;Maasvlakte Plaza Noord (Hormuzstraat);85;496;581;14,6;496;3;9,4;spacesAvailable;2026-10-02 11:15:23;1,6;groep 2 capaciteit wijkt af (425 i.p.v. 408)
2026-10-02;12:15;2026-10-02 12:00;2026-10-02 10:15:37;NL-12_418;Maasvlakte Plaza Zuid (Luzonstraat 6);55;145;200;27,5;145;0;13,0;spacesAvailable;2026-10-02 12:13:41;1,9;
2026-10-02;12:15;2026-10-02 12:00;2026-10-02 10:15:37;NL-12_411;Maasvlakte Plaza Noord (Hormuzstraat);87;494;581;15,0;494;2;5,6;spacesAvailable;2026-10-02 12:14:23;1,2;
2026-10-02;13:15;2026-10-02 13:00;2026-10-02 11:15:18;NL-12_418;Maasvlakte Plaza Zuid (Luzonstraat 6);54;146;200;27,0;146;0;12,0;spacesAvailable;2026-10-02 13:12:41;2,6;
2026-10-02;13:15;2026-10-02 13:00;2026-10-02 11:15:18;NL-12_411;Maasvlakte Plaza Noord (Hormuzstraat);83;498;581;14,3;498;2;5,4;spacesAvailable;2026-10-02 13:13:23;1,9;
2026-10-02;14:19;2026-10-02 14:00;2026-10-02 12:19:59;NL-12_418;Maasvlakte Plaza Zuid (Luzonstraat 6);66;134;200;33,0;134;0;14,3;spacesAvailable;2026-10-02 14:17:41;2,3;
2026-10-02;14:19;2026-10-02 14:00;2026-10-02 12:19:59;NL-12_411;Maasvlakte Plaza Noord (Hormuzstraat);93;488;581;16,0;488;5;6,6;spacesAvailable;2026-10-02 14:18:23;1,6;
2026-10-02;15:18;2026-10-02 15:00;2026-10-02 13:18:04;NL-12_418;Maasvlakte Plaza Zuid (Luzonstraat 6);69;131;200;34,5;131;0;15,0;spacesAvailable;2026-10-02 15:15:41;2,4;
2026-10-02;15:18;2026-10-02 15:00;2026-10-02 13:18:04;NL-12_411;Maasvlakte Plaza Noord (Hormuzstraat);94;487;581;16,2;487;4;6,4;spacesAvailable;2026-10-02 15:16:23;1,7;
2026-10-02;16:18;2026-10-02 16:00;2026-10-02 14:18:09;NL-12_418;Maasvlakte Plaza Zuid (Luzonstraat 6);84;116;200;42,0;116;0;19,0;spacesAvailable;2026-10-02 16:15:41;2,5;groep 2 capaciteit wijkt af (167 i.p.v. 164)
2026-10-02;16:18;2026-10-02 16:00;2026-10-02 14:18:09;NL-12_411;Maasvlakte Plaza Noord (Hormuzstraat);106;475;581;18,2;475;4;7,2;spacesAvailable;2026-10-02 16:16:23;1,8;
2026-10-02;17:17;2026-10-02 17:00;2026-10-02 15:17:58;NL-12_418;Maasvlakte Plaza Zuid (Luzonstraat 6);103;97;200;51,5;97;0;22,0;spacesAvailable;2026-10-02 17:15:41;2,3;groep 2 capaciteit wijkt af (168 i.p.v. 164)
2026-10-02;17:17;2026-10-02 17:00;2026-10-02 15:17:58;NL-12_411;Maasvlakte Plaza Noord (Hormuzstraat);124;457;581;21,3;457;5;8,2;spacesAvailable;2026-10-02 17:16:23;1,6;
2026-10-02;18:16;2026-10-02 18:00;2026-10-02 16:16:14;NL-12_418;Maasvlakte Plaza Zuid (Luzonstraat 6);122;78;200;61,0;78;0;25,7;spacesAvailable;2026-10-02 18:13:41;2,6;
2026-10-02;18:16;2026-10-02 18:00;2026-10-02 16:16:14;NL-12_411;Maasvlakte Plaza Noord (Hormuzstraat);169;412;581;29,1;412;6;14,2;spacesAvailable;2026-10-02 18:14:23;1,9;
2026-10-02;19:16;2026-10-02 19:00;2026-10-02 17:16:08;NL-12_418;Maasvlakte Plaza Zuid (Luzonstraat 6);134;66;200;67,0;66;0;29,7;spacesAvailable;2026-10-02 19:13:41;2,5;
2026-10-02;19:16;2026-10-02 19:00;2026-10-02 17:16:08;NL-12_411;Maasvlakte Plaza Noord (Hormuzstraat);203;378;581;34,9;378;7;21,6;spacesAvailable;2026-10-02 19:14:23;1,8;groep 2 capaciteit wijkt af (413 i.p.v. 408)
2026-10-02;20:20;2026-10-02 20:00;2026-10-02 18:20:07;NL-12_418;Maasvlakte Plaza Zuid (Luzonstraat 6);188;12;200;94,0;12;0;60,3;spacesAvailable;2026-10-02 20:17:41;2,4;
2026-10-02;20:20;2026-10-02 20:00;2026-10-02 18:20:07;NL-12_411;Maasvlakte Plaza Noord (Hormuzstraat);265;316;581;45,6;316;11;25,2;spacesAvailable;2026-10-02 20:18:23;1,7;groep 2 capaciteit wijkt af (412 i.p.v. 408)
2026-10-02;21:16;2026-10-02 21:00;2026-10-02 19:16:16;NL-12_418;Maasvlakte Plaza Zuid (Luzonstraat 6);198;2;200;99,0;2;0;66,0;spacesAvailable;2026-10-02 21:12:41;3,6;
2026-10-02;21:16;2026-10-02 21:00;2026-10-02 19:16:16;NL-12_411;Maasvlakte Plaza Noord (Hormuzstraat);367;214;581;63,2;214;14;38,6;spacesAvailable;2026-10-02 21:13:23;2,9;groep 2 capaciteit wijkt af (412 i.p.v. 408)
2026-10-02;22:15;2026-10-02 22:00;2026-10-02 20:15:09;NL-12_418;Maasvlakte Plaza Zuid (Luzonstraat 6);200;0;200;100,0;0;0;66,7;full;2026-10-02 22:12:41;2,5;
2026-10-02;22:15;2026-10-02 22:00;2026-10-02 20:15:09;NL-12_411;Maasvlakte Plaza Noord (Hormuzstraat);413;168;581;71,1;168;15;45,8;spacesAvailable;2026-10-02 22:13:23;1,8;groep 2 capaciteit wijkt af (420 i.p.v. 408) | groep 4 capaciteit wijkt af (83 i.p.v. 77)
2026-10-02;23:15;2026-10-02 23:00;2026-10-02 21:15:28;NL-12_418;Maasvlakte Plaza Zuid (Luzonstraat 6);200;0;200;100,0;0;0;66,7;full;2026-10-02 23:12:41;2,8;
2026-10-02;23:15;2026-10-02 23:00;2026-10-02 21:15:28;NL-12_411;Maasvlakte Plaza Noord (Hormuzstraat);447;134;581;76,9;134;22;50,6;spacesAvailable;2026-10-02 23:13:23;2,1;groep 2 capaciteit wijkt af (419 i.p.v. 408)
2026-10-03;00:14;2026-10-03 00:00;2026-10-02 22:14:50;NL-12_418;Maasvlakte Plaza Zuid (Luzonstraat 6);199;1;200;99,5;1;0;66,7;spacesAvailable;2026-10-03 00:12:41;2,2;
2026-10-03;00:14;2026-10-03 00:00;2026-10-02 22:14:50;NL-12_411;Maasvlakte Plaza Noord (Hormuzstraat);455;126;581;78,3;126;26;51,8;spacesAvailable;2026-10-03 00:13:23;1,5;groep 2 capaciteit wijkt af (420 i.p.v. 408)
2026-10-03;01:12;2026-10-03 01:00;2026-10-02 23:12:26;NL-12_418;Maasvlakte Plaza Zuid (Luzonstraat 6);200;0;200;100,0;0;0;66,7;full;2026-10-03 01:09:41;2,8;
2026-10-03;01:12;2026-10-03 01:00;2026-10-02 23:12:26;NL-12_411;Maasvlakte Plaza Noord (Hormuzstraat);457;124;581;78,7;124;27;52,0;spacesAvailable;2026-10-03 01:10:23;2,1;groep 2 capaciteit wijkt af (413 i.p.v. 408)
2026-10-03;02:21;2026-10-03 02:00;2026-10-03 00:21:18;NL-12_418;Maasvlakte Plaza Zuid (Luzonstraat 6);199;1;200;99,5;1;0;66,7;spacesAvailable;2026-10-03 02:18:41;2,6;
2026-10-03;02:21;2026-10-03 02:00;2026-10-03 00:21:18;NL-12_411;Maasvlakte Plaza Noord (Hormuzstraat);455;126;581;78,3;126;27;52,0;spacesAvailable;2026-10-03 02:19:23;1,9;groep 2 capaciteit wijkt af (427 i.p.v. 408)
2026-10-03;03:15;2026-10-03 03:00;2026-10-03 01:15:11;NL-12_418;Maasvlakte Plaza Zuid (Luzonstraat 6);196;4;200;98,0;4;0;66,0;spacesAvailable;2026-10-03 03:12:41;2,5;
2026-10-03;03:15;2026-10-03 03:00;2026-10-03 01:15:11;NL-12_411;Maasvlakte Plaza Noord (Hormuzstraat);448;133;581;77,1;133;26;51,4;spacesAvailable;2026-10-03 03:13:23;1,8;groep 2 capaciteit wijkt af (431 i.p.v. 408)
2026-10-03;04:15;2026-10-03 04:00;2026-10-03 02:15:53;NL-12_418;Maasvlakte Plaza Zuid (Luzonstraat 6);190;10;200;95,0;10;0;64,7;spacesAvailable;2026-10-03 04:13:41;2,2;
2026-10-03;04:15;2026-10-03 04:00;2026-10-03 02:15:53;NL-12_411;Maasvlakte Plaza Noord (Hormuzstraat);441;140;581;75,9;140;26;48,2;spacesAvailable;2026-10-03 04:14:23;1,5;groep 2 capaciteit wijkt af (417 i.p.v. 408)
2026-10-03;05:22;2026-10-03 05:00;2026-10-03 03:22:09;NL-12_418;Maasvlakte Plaza Zuid (Luzonstraat 6);167;33;200;83,5;33;0;58,0;spacesAvailable;2026-10-03 05:19:41;2,5;
2026-10-03;05:22;2026-10-03 05:00;2026-10-03 03:22:09;NL-12_411;Maasvlakte Plaza Noord (Hormuzstraat);415;166;581;71,4;166;26;46,8;spacesAvailable;2026-10-03 05:20:23;1,8;groep 2 capaciteit wijkt af (417 i.p.v. 408)
2026-10-03;06:17;2026-10-03 06:00;2026-10-03 04:17:18;NL-12_418;Maasvlakte Plaza Zuid (Luzonstraat 6);155;45;200;77,5;45;0;54,3;spacesAvailable;2026-10-03 06:14:41;2,6;
2026-10-03;06:17;2026-10-03 06:00;2026-10-03 04:17:18;NL-12_411;Maasvlakte Plaza Noord (Hormuzstraat);380;201;581;65,4;201;25;46,8;spacesAvailable;2026-10-03 06:15:23;1,9;groep 4 capaciteit wijkt af (86 i.p.v. 77)
2026-10-03;07:14;2026-10-03 07:00;2026-10-03 05:14:24;NL-12_418;Maasvlakte Plaza Zuid (Luzonstraat 6);142;58;200;71,0;58;0;45,7;spacesAvailable;2026-10-03 07:11:41;2,7;
2026-10-03;07:14;2026-10-03 07:00;2026-10-03 05:14:24;NL-12_411;Maasvlakte Plaza Noord (Hormuzstraat);337;244;581;58,0;244;21;42,2;spacesAvailable;2026-10-03 07:12:23;2,0;groep 2 capaciteit wijkt af (415 i.p.v. 408)
2026-10-03;08:23;2026-10-03 08:00;2026-10-03 06:23:23;NL-12_418;Maasvlakte Plaza Zuid (Luzonstraat 6);142;58;200;71,0;58;0;41,7;spacesAvailable;2026-10-03 08:20:41;2,7;groep 2 capaciteit wijkt af (170 i.p.v. 164)
2026-10-03;08:23;2026-10-03 08:00;2026-10-03 06:23:23;NL-12_411;Maasvlakte Plaza Noord (Hormuzstraat);295;286;581;50,8;286;22;37,8;spacesAvailable;2026-10-03 08:21:23;2,0;
2026-10-03;09:17;2026-10-03 09:00;2026-10-03 07:17:48;NL-12_418;Maasvlakte Plaza Zuid (Luzonstraat 6);151;49;200;75,5;49;0;40,7;spacesAvailable;2026-10-03 09:15:41;2,1;groep 2 capaciteit wijkt af (173 i.p.v. 164)
2026-10-03;09:17;2026-10-03 09:00;2026-10-03 07:17:48;NL-12_411;Maasvlakte Plaza Noord (Hormuzstraat);288;293;581;49,6;293;20;33,6;spacesAvailable;2026-10-03 09:16:23;1,4;
2026-10-03;10:16;2026-10-03 10:00;2026-10-03 08:16:47;NL-12_418;Maasvlakte Plaza Zuid (Luzonstraat 6);167;33;200;83,5;33;0;48,7;spacesAvailable;2026-10-03 10:14:41;2,1;groep 2 capaciteit wijkt af (170 i.p.v. 164)
2026-10-03;10:16;2026-10-03 10:00;2026-10-03 08:16:47;NL-12_411;Maasvlakte Plaza Noord (Hormuzstraat);284;297;581;48,9;297;19;35,4;spacesAvailable;2026-10-03 10:15:23;1,4;groep 2 capaciteit wijkt af (413 i.p.v. 408)
2026-10-03;11:16;2026-10-03 11:00;2026-10-03 09:16:39;NL-12_418;Maasvlakte Plaza Zuid (Luzonstraat 6);196;4;200;98,0;4;0;64,7;spacesAvailable;2026-10-03 11:14:41;2,0;
2026-10-03;11:16;2026-10-03 11:00;2026-10-03 09:16:39;NL-12_411;Maasvlakte Plaza Noord (Hormuzstraat);304;277;581;52,3;277;23;36,6;spacesAvailable;2026-10-03 11:15:23;1,3;
2026-10-03;12:14;2026-10-03 12:00;2026-10-03 10:14:20;NL-12_418;Maasvlakte Plaza Zuid (Luzonstraat 6);200;0;200;100,0;0;0;66,7;full;2026-10-03 12:11:41;2,6;
2026-10-03;12:14;2026-10-03 12:00;2026-10-03 10:14:20;NL-12_411;Maasvlakte Plaza Noord (Hormuzstraat);316;265;581;54,4;265;22;36,8;spacesAvailable;2026-10-03 12:12:23;1,9;groep 2 capaciteit wijkt af (415 i.p.v. 408)
2026-10-03;15:20;2026-10-03 15:00;2026-10-03 13:20:21;NL-12_418;Maasvlakte Plaza Zuid (Luzonstraat 6);200;0;200;100,0;0;0;66,7;full;2026-10-03 15:17:41;2,7;
2026-10-03;15:20;2026-10-03 15:00;2026-10-03 13:20:21;NL-12_411;Maasvlakte Plaza Noord (Hormuzstraat);372;209;581;64,0;209;23;39,8;spacesAvailable;2026-10-03 15:18:23;2,0;groep 2 capaciteit wijkt af (412 i.p.v. 408)
2026-10-03;20:30;2026-10-03 21:00;2026-10-03 18:30:34;NL-12_418;Maasvlakte Plaza Zuid (Luzonstraat 6);198;2;200;99,0;2;0;66,0;spacesAvailable;2026-10-03 20:28:41;1,9;
2026-10-03;20:30;2026-10-03 21:00;2026-10-03 18:30:34;NL-12_411;Maasvlakte Plaza Noord (Hormuzstraat);399;182;581;68,7;182;22;46,0;spacesAvailable;2026-10-03 20:29:23;1,2;groep 2 capaciteit wijkt af (414 i.p.v. 408)
2026-10-04;04:30;2026-10-04 05:00;2026-10-04 02:30:47;NL-12_418;Maasvlakte Plaza Zuid (Luzonstraat 6);200;0;200;100,0;0;0;66,7;full;2026-10-04 04:28:41;2,1;
2026-10-04;04:30;2026-10-04 05:00;2026-10-04 02:30:47;NL-12_411;Maasvlakte Plaza Noord (Hormuzstraat);407;174;581;70,1;174;22;47,2;spacesAvailable;2026-10-04 04:29:23;1,4;groep 2 capaciteit wijkt af (414 i.p.v. 408)
2026-10-04;07:10;2026-10-04 07:00;2026-10-04 05:10:13;NL-12_418;Maasvlakte Plaza Zuid (Luzonstraat 6);199;1;200;99,5;1;0;66,7;spacesAvailable;2026-10-04 07:07:41;2,5;
2026-10-04;07:10;2026-10-04 07:00;2026-10-04 05:10:13;NL-12_411;Maasvlakte Plaza Noord (Hormuzstraat);406;175;581;69,9;175;22;47,6;spacesAvailable;2026-10-04 07:08:23;1,8;groep 2 capaciteit wijkt af (424 i.p.v. 408)
2026-10-04;13:24;2026-10-04 13:00;2026-10-04 11:24:27;NL-12_418;Maasvlakte Plaza Zuid (Luzonstraat 6);196;4;200;98,0;4;0;65,7;spacesAvailable;2026-10-04 13:21:41;2,8;
2026-10-04;13:24;2026-10-04 13:00;2026-10-04 11:24:27;NL-12_411;Maasvlakte Plaza Noord (Hormuzstraat);425;156;581;73,1;156;22;53,4;spacesAvailable;2026-10-04 13:22:23;2,1;groep 4 capaciteit wijkt af (82 i.p.v. 77)
2026-10-04;20:15;2026-10-04 20:00;2026-10-04 18:15:33;NL-12_418;Maasvlakte Plaza Zuid (Luzonstraat 6);157;43;200;78,5;43;0;54,7;spacesAvailable;2026-10-04 20:13:41;1,9;groep 2 capaciteit wijkt af (185 i.p.v. 164)
2026-10-04;20:15;2026-10-04 20:00;2026-10-04 18:15:33;NL-12_411;Maasvlakte Plaza Noord (Hormuzstraat);389;192;581;67,0;192;22;46,4;spacesAvailable;2026-10-04 20:14:23;1,2;groep 2 capaciteit wijkt af (420 i.p.v. 408)
2026-10-04;23:23;2026-10-04 23:00;2026-10-04 21:23:11;NL-12_418;Maasvlakte Plaza Zuid (Luzonstraat 6);155;45;200;77,5;45;0;52,7;spacesAvailable;2026-10-04 23:20:41;2,5;groep 2 capaciteit wijkt af (185 i.p.v. 164)
2026-10-04;23:23;2026-10-04 23:00;2026-10-04 21:23:11;NL-12_411;Maasvlakte Plaza Noord (Hormuzstraat);395;186;581;68,0;186;22;46,6;spacesAvailable;2026-10-04 23:21:23;1,8;groep 2 capaciteit wijkt af (412 i.p.v. 408)
2026-10-05;00:15;2026-10-05 00:00;2026-10-04 22:15:43;NL-12_418;Maasvlakte Plaza Zuid (Luzonstraat 6);154;46;200;77,0;46;0;52,7;spacesAvailable;2026-10-05 00:13:41;2,0;groep 2 capaciteit wijkt af (190 i.p.v. 164)
2026-10-05;00:15;2026-10-05 00:00;2026-10-04 22:15:43;NL-12_411;Maasvlakte Plaza Noord (Hormuzstraat);390;191;581;67,1;191;21;46,0;spacesAvailable;2026-10-05 00:14:23;1,3;
2026-10-05;01:13;2026-10-05 01:00;2026-10-04 23:13:12;NL-12_418;Maasvlakte Plaza Zuid (Luzonstraat 6);154;46;200;77,0;46;0;52,7;spacesAvailable;2026-10-05 01:10:41;2,5;groep 2 capaciteit wijkt af (190 i.p.v. 164)
2026-10-05;01:13;2026-10-05 01:00;2026-10-04 23:13:12;NL-12_411;Maasvlakte Plaza Noord (Hormuzstraat);390;191;581;67,1;191;21;46,0;spacesAvailable;2026-10-05 01:11:23;1,8;
2026-10-05;02:24;2026-10-05 02:00;2026-10-05 00:24:54;NL-12_418;Maasvlakte Plaza Zuid (Luzonstraat 6);155;45;200;77,5;45;0;52,7;spacesAvailable;2026-10-05 02:22:41;2,2;groep 2 capaciteit wijkt af (185 i.p.v. 164)
2026-10-05;02:24;2026-10-05 02:00;2026-10-05 00:24:54;NL-12_411;Maasvlakte Plaza Noord (Hormuzstraat);387;194;581;66,6;194;21;45,4;spacesAvailable;2026-10-05 02:23:23;1,5;groep 2 capaciteit wijkt af (412 i.p.v. 408)
2026-10-05;03:16;2026-10-05 03:00;2026-10-05 01:16:39;NL-12_418;Maasvlakte Plaza Zuid (Luzonstraat 6);153;47;200;76,5;47;0;52,3;spacesAvailable;2026-10-05 03:14:41;2,0;groep 2 capaciteit wijkt af (186 i.p.v. 164)
2026-10-05;03:16;2026-10-05 03:00;2026-10-05 01:16:39;NL-12_411;Maasvlakte Plaza Noord (Hormuzstraat);378;203;581;65,1;203;20;44,6;spacesAvailable;2026-10-05 03:15:23;1,3;
2026-10-05;04:16;2026-10-05 04:00;2026-10-05 02:16:44;NL-12_418;Maasvlakte Plaza Zuid (Luzonstraat 6);144;56;200;72,0;56;0;50,0;spacesAvailable;2026-10-05 04:14:41;2,1;groep 2 capaciteit wijkt af (188 i.p.v. 164)
2026-10-05;04:16;2026-10-05 04:00;2026-10-05 02:16:44;NL-12_411;Maasvlakte Plaza Noord (Hormuzstraat);361;220;581;62,1;220;20;43,4;spacesAvailable;2026-10-05 04:15:23;1,4;groep 2 capaciteit wijkt af (417 i.p.v. 408)
2026-10-05;05:18;2026-10-05 05:00;2026-10-05 03:18:10;NL-12_418;Maasvlakte Plaza Zuid (Luzonstraat 6);124;76;200;62,0;76;0;43,3;spacesAvailable;2026-10-05 05:15:41;2,5;groep 2 capaciteit wijkt af (185 i.p.v. 164)
2026-10-05;05:18;2026-10-05 05:00;2026-10-05 03:18:10;NL-12_411;Maasvlakte Plaza Noord (Hormuzstraat);341;240;581;58,7;240;19;42,0;spacesAvailable;2026-10-05 05:16:23;1,8;groep 2 capaciteit wijkt af (418 i.p.v. 408)
2026-10-05;06:18;2026-10-05 06:00;2026-10-05 04:18:11;NL-12_418;Maasvlakte Plaza Zuid (Luzonstraat 6);96;104;200;48,0;104;0;37,0;spacesAvailable;2026-10-05 06:15:41;2,5;groep 2 capaciteit wijkt af (185 i.p.v. 164)
2026-10-05;06:18;2026-10-05 06:00;2026-10-05 04:18:11;NL-12_411;Maasvlakte Plaza Noord (Hormuzstraat);287;294;581;49,4;294;16;37,4;spacesAvailable;2026-10-05 06:16:23;1,8;
2026-10-05;07:23;2026-10-05 07:00;2026-10-05 05:23:37;NL-12_418;Maasvlakte Plaza Zuid (Luzonstraat 6);73;127;200;36,5;127;0;29,0;spacesAvailable;2026-10-05 07:21:41;1,9;groep 2 capaciteit wijkt af (184 i.p.v. 164)
2026-10-05;07:23;2026-10-05 07:00;2026-10-05 05:23:37;NL-12_411;Maasvlakte Plaza Noord (Hormuzstraat);200;381;581;34,4;381;9;22,4;spacesAvailable;2026-10-05 07:22:23;1,2;
2026-10-05;08:25;2026-10-05 08:00;2026-10-05 06:25:17;NL-12_418;Maasvlakte Plaza Zuid (Luzonstraat 6);46;154;200;23,0;154;0;18,3;spacesAvailable;2026-10-05 08:22:41;2,6;groep 2 capaciteit wijkt af (185 i.p.v. 164)
2026-10-05;08:25;2026-10-05 08:00;2026-10-05 06:25:17;NL-12_411;Maasvlakte Plaza Noord (Hormuzstraat);173;408;581;29,8;408;9;20,6;spacesAvailable;2026-10-05 08:23:23;1,9;groep 2 capaciteit wijkt af (412 i.p.v. 408)
2026-10-05;09:20;2026-10-05 09:00;2026-10-05 07:20:23;NL-12_418;Maasvlakte Plaza Zuid (Luzonstraat 6);56;144;200;28,0;144;0;14,3;spacesAvailable;2026-10-05 09:17:41;2,7;
2026-10-05;09:20;2026-10-05 09:00;2026-10-05 07:20:23;NL-12_411;Maasvlakte Plaza Noord (Hormuzstraat);135;446;581;23,2;446;5;13,8;spacesAvailable;2026-10-05 09:18:23;2,0;groep 2 capaciteit wijkt af (414 i.p.v. 408)
2026-10-05;10:19;2026-10-05 10:00;2026-10-05 08:19:26;NL-12_418;Maasvlakte Plaza Zuid (Luzonstraat 6);45;155;200;22,5;155;0;9,7;spacesAvailable;2026-10-05 10:16:41;2,7;
2026-10-05;10:19;2026-10-05 10:00;2026-10-05 08:19:26;NL-12_411;Maasvlakte Plaza Noord (Hormuzstraat);101;480;581;17,4;480;4;8,2;spacesAvailable;2026-10-05 10:17:23;2,0;groep 2 capaciteit wijkt af (413 i.p.v. 408)
2026-10-05;11:19;2026-10-05 11:00;2026-10-05 09:19:13;NL-12_418;Maasvlakte Plaza Zuid (Luzonstraat 6);43;157;200;21,5;157;0;8,7;spacesAvailable;2026-10-05 11:16:41;2,5;
2026-10-05;11:19;2026-10-05 11:00;2026-10-05 09:19:13;NL-12_411;Maasvlakte Plaza Noord (Hormuzstraat);79;502;581;13,6;502;2;9,0;spacesAvailable;2026-10-05 11:17:23;1,8;groep 2 capaciteit wijkt af (413 i.p.v. 408)
2026-10-05;12:18;2026-10-05 12:00;2026-10-05 10:18:38;NL-12_418;Maasvlakte Plaza Zuid (Luzonstraat 6);52;148;200;26,0;148;0;10,3;spacesAvailable;2026-10-05 12:16:41;2,0;
2026-10-05;12:18;2026-10-05 12:00;2026-10-05 10:18:38;NL-12_411;Maasvlakte Plaza Noord (Hormuzstraat);80;501;581;13,8;501;3;10,8;spacesAvailable;2026-10-05 12:17:23;1,3;
2026-10-05;13:16;2026-10-05 13:00;2026-10-05 11:16:41;NL-12_418;Maasvlakte Plaza Zuid (Luzonstraat 6);47;153;200;23,5;153;0;9,3;spacesAvailable;2026-10-05 13:14:41;2,0;
2026-10-05;13:16;2026-10-05 13:00;2026-10-05 11:16:41;NL-12_411;Maasvlakte Plaza Noord (Hormuzstraat);59;522;581;10,2;522;2;6,2;spacesAvailable;2026-10-05 13:15:23;1,3;
2026-10-05;14:21;2026-10-05 14:00;2026-10-05 12:21:33;NL-12_418;Maasvlakte Plaza Zuid (Luzonstraat 6);63;137;200;31,5;137;0;12,7;spacesAvailable;2026-10-05 14:19:41;1,9;
2026-10-05;14:21;2026-10-05 14:00;2026-10-05 12:21:33;NL-12_411;Maasvlakte Plaza Noord (Hormuzstraat);71;510;581;12,2;510;2;4,0;spacesAvailable;2026-10-05 14:20:23;1,2;groep 2 capaciteit wijkt af (413 i.p.v. 408)
2026-10-05;15:21;2026-10-05 15:00;2026-10-05 13:21:42;NL-12_418;Maasvlakte Plaza Zuid (Luzonstraat 6);60;140;200;30,0;140;0;12,0;spacesAvailable;2026-10-05 15:19:41;2,0;
2026-10-05;15:21;2026-10-05 15:00;2026-10-05 13:21:42;NL-12_411;Maasvlakte Plaza Noord (Hormuzstraat);86;495;581;14,8;495;3;5,4;spacesAvailable;2026-10-05 15:20:23;1,3;groep 2 capaciteit wijkt af (414 i.p.v. 408)
2026-10-05;16:20;2026-10-05 16:00;2026-10-05 14:20:48;NL-12_418;Maasvlakte Plaza Zuid (Luzonstraat 6);64;136;200;32,0;136;0;13,7;spacesAvailable;2026-10-05 16:18:41;2,1;
2026-10-05;16:20;2026-10-05 16:00;2026-10-05 14:20:48;NL-12_411;Maasvlakte Plaza Noord (Hormuzstraat);130;451;581;22,4;451;3;13,6;spacesAvailable;2026-10-05 16:19:23;1,4;
2026-10-05;17:19;2026-10-05 17:00;2026-10-05 15:19:14;NL-12_418;Maasvlakte Plaza Zuid (Luzonstraat 6);88;112;200;44,0;112;0;19,3;spacesAvailable;2026-10-05 17:16:41;2,6;
2026-10-05;17:19;2026-10-05 17:00;2026-10-05 15:19:14;NL-12_411;Maasvlakte Plaza Noord (Hormuzstraat);160;421;581;27,5;421;2;14,6;spacesAvailable;2026-10-05 17:17:23;1,9;groep 2 capaciteit wijkt af (411 i.p.v. 408)
2026-10-05;18:17;2026-10-05 18:00;2026-10-05 16:17:46;NL-12_418;Maasvlakte Plaza Zuid (Luzonstraat 6);104;96;200;52,0;96;0;23,7;spacesAvailable;2026-10-05 18:15:41;2,1;
2026-10-05;18:17;2026-10-05 18:00;2026-10-05 16:17:46;NL-12_411;Maasvlakte Plaza Noord (Hormuzstraat);244;337;581;42,0;337;4;22,8;spacesAvailable;2026-10-05 18:16:23;1,4;groep 2 capaciteit wijkt af (414 i.p.v. 408)
2026-10-05;19:15;2026-10-05 19:00;2026-10-05 17:15:01;NL-12_418;Maasvlakte Plaza Zuid (Luzonstraat 6);148;52;200;74,0;52;0;37,3;spacesAvailable;2026-10-05 19:12:41;2,3;
2026-10-05;19:15;2026-10-05 19:00;2026-10-05 17:15:01;NL-12_411;Maasvlakte Plaza Noord (Hormuzstraat);437;144;581;75,2;144;15;54,6;spacesAvailable;2026-10-05 19:13:23;1,6;groep 2 capaciteit wijkt af (424 i.p.v. 408)
2026-10-05;20:20;2026-10-05 20:00;2026-10-05 18:20:04;NL-12_418;Maasvlakte Plaza Zuid (Luzonstraat 6);198;2;200;99,0;2;0;66,3;spacesAvailable;2026-10-05 20:17:41;2,4;
2026-10-05;20:20;2026-10-05 20:00;2026-10-05 18:20:04;NL-12_411;Maasvlakte Plaza Noord (Hormuzstraat);575;6;581;99,0;6;83;79,4;spacesAvailable;2026-10-05 20:18:23;1,7;
2026-10-06;00:15;2026-10-06 00:00;2026-10-05 22:15:21;NL-12_418;Maasvlakte Plaza Zuid (Luzonstraat 6);200;0;200;100,0;0;0;66,7;full;2026-10-06 00:12:41;2,7;
2026-10-06;00:15;2026-10-06 00:00;2026-10-05 22:15:21;NL-12_411;Maasvlakte Plaza Noord (Hormuzstraat);580;1;581;99,8;1;85;80,0;spacesAvailable;2026-10-06 00:13:23;2,0;
2026-10-06;01:13;2026-10-06 01:00;2026-10-05 23:13:46;NL-12_418;Maasvlakte Plaza Zuid (Luzonstraat 6);200;0;200;100,0;0;0;66,7;full;2026-10-06 01:11:41;2,1;
2026-10-06;01:13;2026-10-06 01:00;2026-10-05 23:13:46;NL-12_411;Maasvlakte Plaza Noord (Hormuzstraat);571;10;581;98,3;10;85;77,2;spacesAvailable;2026-10-06 01:12:23;1,4;
2026-10-06;02:25;2026-10-06 02:00;2026-10-06 00:25:04;NL-12_418;Maasvlakte Plaza Zuid (Luzonstraat 6);198;2;200;99,0;2;0;66,3;spacesAvailable;2026-10-06 02:22:41;2,4;
2026-10-06;02:25;2026-10-06 02:00;2026-10-06 00:25:04;NL-12_411;Maasvlakte Plaza Noord (Hormuzstraat);562;19;581;96,7;19;85;76,8;spacesAvailable;2026-10-06 02:23:23;1,7;
2026-10-06;03:16;2026-10-06 03:00;2026-10-06 01:16:08;NL-12_418;Maasvlakte Plaza Zuid (Luzonstraat 6);188;12;200;94,0;12;0;64,3;spacesAvailable;2026-10-06 03:13:41;2,5;groep 2 capaciteit wijkt af (171 i.p.v. 164)
2026-10-06;03:16;2026-10-06 03:00;2026-10-06 01:16:08;NL-12_411;Maasvlakte Plaza Noord (Hormuzstraat);542;39;581;93,3;39;85;75,6;spacesAvailable;2026-10-06 03:14:23;1,8;groep 2 capaciteit wijkt af (450 i.p.v. 408)
2026-10-06;04:15;2026-10-06 04:00;2026-10-06 02:15:49;NL-12_418;Maasvlakte Plaza Zuid (Luzonstraat 6);162;38;200;81,0;38;0;58,0;spacesAvailable;2026-10-06 04:13:41;2,1;groep 2 capaciteit wijkt af (171 i.p.v. 164)
2026-10-06;04:15;2026-10-06 04:00;2026-10-06 02:15:49;NL-12_411;Maasvlakte Plaza Noord (Hormuzstraat);456;125;581;78,5;125;81;65,6;spacesAvailable;2026-10-06 04:14:23;1,4;groep 2 capaciteit wijkt af (433 i.p.v. 408)
2026-10-06;05:16;2026-10-06 05:00;2026-10-06 03:16:18;NL-12_418;Maasvlakte Plaza Zuid (Luzonstraat 6);114;86;200;57,0;86;0;38,0;spacesAvailable;2026-10-06 05:13:41;2,6;
2026-10-06;05:16;2026-10-06 05:00;2026-10-06 03:16:18;NL-12_411;Maasvlakte Plaza Noord (Hormuzstraat);322;259;581;55,4;259;58;46,2;spacesAvailable;2026-10-06 05:14:23;1,9;groep 2 capaciteit wijkt af (424 i.p.v. 408)
2026-10-06;06:17;2026-10-06 06:00;2026-10-06 04:17:10;NL-12_418;Maasvlakte Plaza Zuid (Luzonstraat 6);62;138;200;31,0;138;0;19,3;spacesAvailable;2026-10-06 06:14:41;2,5;
2026-10-06;06:17;2026-10-06 06:00;2026-10-06 04:17:10;NL-12_411;Maasvlakte Plaza Noord (Hormuzstraat);152;429;581;26,2;429;24;24,4;spacesAvailable;2026-10-06 06:15:23;1,8;groep 2 capaciteit wijkt af (421 i.p.v. 408)
2026-10-06;07:15;2026-10-06 07:00;2026-10-06 05:15:51;NL-12_418;Maasvlakte Plaza Zuid (Luzonstraat 6);56;144;200;28,0;144;0;15,3;spacesAvailable;2026-10-06 07:13:41;2,2;
2026-10-06;07:15;2026-10-06 07:00;2026-10-06 05:15:51;NL-12_411;Maasvlakte Plaza Noord (Hormuzstraat);95;486;581;16,4;486;12;15,2;spacesAvailable;2026-10-06 07:14:23;1,5;groep 2 capaciteit wijkt af (423 i.p.v. 408)
2026-10-06;08:20;2026-10-06 08:00;2026-10-06 06:20:30;NL-12_418;Maasvlakte Plaza Zuid (Luzonstraat 6);57;143;200;28,5;143;0;13,3;spacesAvailable;2026-10-06 08:18:41;1,8;
2026-10-06;08:20;2026-10-06 08:00;2026-10-06 06:20:30;NL-12_411;Maasvlakte Plaza Noord (Hormuzstraat);69;512;581;11,9;512;7;10,0;spacesAvailable;2026-10-06 08:19:23;1,1;groep 2 capaciteit wijkt af (424 i.p.v. 408)
2026-10-06;09:17;2026-10-06 09:00;2026-10-06 07:17:27;NL-12_418;Maasvlakte Plaza Zuid (Luzonstraat 6);57;143;200;28,5;143;0;12,7;spacesAvailable;2026-10-06 09:14:41;2,8;
2026-10-06;09:17;2026-10-06 09:00;2026-10-06 07:17:27;NL-12_411;Maasvlakte Plaza Noord (Hormuzstraat);52;529;581;9,0;529;4;4,4;spacesAvailable;2026-10-06 09:15:23;2,1;groep 2 capaciteit wijkt af (421 i.p.v. 408)
2026-10-06;10:17;2026-10-06 10:00;2026-10-06 08:17:39;NL-12_418;Maasvlakte Plaza Zuid (Luzonstraat 6);49;151;200;24,5;151;0;10,0;spacesAvailable;2026-10-06 10:15:41;2,0;
2026-10-06;10:17;2026-10-06 10:00;2026-10-06 08:17:39;NL-12_411;Maasvlakte Plaza Noord (Hormuzstraat);63;518;581;10,8;518;2;6,8;spacesAvailable;2026-10-06 10:16:23;1,3;groep 2 capaciteit wijkt af (412 i.p.v. 408)
2026-10-06;11:17;2026-10-06 11:00;2026-10-06 09:17:23;NL-12_418;Maasvlakte Plaza Zuid (Luzonstraat 6);55;145;200;27,5;145;0;11,3;spacesAvailable;2026-10-06 11:14:41;2,7;
2026-10-06;11:17;2026-10-06 11:00;2026-10-06 09:17:23;NL-12_411;Maasvlakte Plaza Noord (Hormuzstraat);76;505;581;13,1;505;0;6,8;spacesAvailable;2026-10-06 11:15:23;2,0;
2026-10-06;12:16;2026-10-06 12:00;2026-10-06 10:16:21;NL-12_418;Maasvlakte Plaza Zuid (Luzonstraat 6);55;145;200;27,5;145;0;11,3;spacesAvailable;2026-10-06 12:13:41;2,7;
2026-10-06;12:16;2026-10-06 12:00;2026-10-06 10:16:21;NL-12_411;Maasvlakte Plaza Noord (Hormuzstraat);77;504;581;13,3;504;1;7,2;spacesAvailable;2026-10-06 12:14:23;2,0;groep 2 capaciteit wijkt af (412 i.p.v. 408)
2026-10-06;13:15;2026-10-06 13:00;2026-10-06 11:15:25;NL-12_418;Maasvlakte Plaza Zuid (Luzonstraat 6);60;140;200;30,0;140;0;12,3;spacesAvailable;2026-10-06 13:12:41;2,7;
2026-10-06;13:15;2026-10-06 13:00;2026-10-06 11:15:25;NL-12_411;Maasvlakte Plaza Noord (Hormuzstraat);83;498;581;14,3;498;2;5,6;spacesAvailable;2026-10-06 13:13:23;2,0;groep 2 capaciteit wijkt af (412 i.p.v. 408)
2026-10-06;14:20;2026-10-06 14:00;2026-10-06 12:20:06;NL-12_418;Maasvlakte Plaza Zuid (Luzonstraat 6);54;146;200;27,0;146;0;11,0;spacesAvailable;2026-10-06 14:17:41;2,4;
2026-10-06;14:20;2026-10-06 14:00;2026-10-06 12:20:06;NL-12_411;Maasvlakte Plaza Noord (Hormuzstraat);93;488;581;16,0;488;1;5,6;spacesAvailable;2026-10-06 14:18:23;1,7;groep 2 capaciteit wijkt af (413 i.p.v. 408)
2026-10-06;15:18;2026-10-06 15:00;2026-10-06 13:18:16;NL-12_418;Maasvlakte Plaza Zuid (Luzonstraat 6);68;132;200;34,0;132;0;14,7;spacesAvailable;2026-10-06 15:15:41;2,6;
2026-10-06;15:18;2026-10-06 15:00;2026-10-06 13:18:16;NL-12_411;Maasvlakte Plaza Noord (Hormuzstraat);103;478;581;17,7;478;0;5,6;spacesAvailable;2026-10-06 15:16:23;1,9;
2026-10-06;16:17;2026-10-06 16:00;2026-10-06 14:17:58;NL-12_418;Maasvlakte Plaza Zuid (Luzonstraat 6);74;126;200;37,0;126;0;16,0;spacesAvailable;2026-10-06 16:15:41;2,3;
2026-10-06;16:17;2026-10-06 16:00;2026-10-06 14:17:58;NL-12_411;Maasvlakte Plaza Noord (Hormuzstraat);124;457;581;21,3;457;0;9,2;spacesAvailable;2026-10-06 16:16:23;1,6;
2026-10-06;17:17;2026-10-06 17:00;2026-10-06 15:17:18;NL-12_418;Maasvlakte Plaza Zuid (Luzonstraat 6);97;103;200;48,5;103;0;21,3;spacesAvailable;2026-10-06 17:14:41;2,6;
2026-10-06;17:17;2026-10-06 17:00;2026-10-06 15:17:18;NL-12_411;Maasvlakte Plaza Noord (Hormuzstraat);165;416;581;28,4;416;1;12,4;spacesAvailable;2026-10-06 17:15:23;1,9;
2026-10-06;18:17;2026-10-06 18:00;2026-10-06 16:17:53;NL-12_418;Maasvlakte Plaza Zuid (Luzonstraat 6);120;80;200;60,0;80;0;28,3;spacesAvailable;2026-10-06 18:15:41;2,2;groep 2 capaciteit wijkt af (169 i.p.v. 164)
2026-10-06;18:17;2026-10-06 18:00;2026-10-06 16:17:53;NL-12_411;Maasvlakte Plaza Noord (Hormuzstraat);249;332;581;42,9;332;5;20,8;spacesAvailable;2026-10-06 18:16:23;1,5;
2026-10-06;19:14;2026-10-06 19:00;2026-10-06 17:14:52;NL-12_418;Maasvlakte Plaza Zuid (Luzonstraat 6);151;49;200;75,5;49;0;39,7;spacesAvailable;2026-10-06 19:12:41;2,2;
2026-10-06;19:14;2026-10-06 19:00;2026-10-06 17:14:52;NL-12_411;Maasvlakte Plaza Noord (Hormuzstraat);441;140;581;75,9;140;19;49,8;spacesAvailable;2026-10-06 19:13:23;1,5;groep 2 capaciteit wijkt af (412 i.p.v. 408)
2026-10-06;20:17;2026-10-06 20:00;2026-10-06 18:17:23;NL-12_418;Maasvlakte Plaza Zuid (Luzonstraat 6);199;1;200;99,5;1;0;66,7;spacesAvailable;2026-10-06 20:14:41;2,7;
2026-10-06;20:17;2026-10-06 20:00;2026-10-06 18:17:23;NL-12_411;Maasvlakte Plaza Noord (Hormuzstraat);576;5;581;99,1;5;82;79,6;spacesAvailable;2026-10-06 20:15:23;2,0;
2026-10-06;21:14;2026-10-06 21:00;2026-10-06 19:14:46;NL-12_418;Maasvlakte Plaza Zuid (Luzonstraat 6);200;0;200;100,0;0;0;66,7;full;2026-10-06 21:12:41;2,1;
2026-10-06;21:14;2026-10-06 21:00;2026-10-06 19:14:46;NL-12_411;Maasvlakte Plaza Noord (Hormuzstraat);580;1;581;99,8;1;85;80,0;spacesAvailable;2026-10-06 21:13:23;1,4;
2026-10-06;22:15;2026-10-06 22:00;2026-10-06 20:15:51;NL-12_418;Maasvlakte Plaza Zuid (Luzonstraat 6);200;0;200;100,0;0;0;66,7;full;2026-10-06 22:13:41;2,2;
2026-10-06;22:15;2026-10-06 22:00;2026-10-06 20:15:51;NL-12_411;Maasvlakte Plaza Noord (Hormuzstraat);581;0;581;100,0;0;85;80,0;full;2026-10-06 22:14:23;1,5;
2026-10-06;23:15;2026-10-06 23:00;2026-10-06 21:15:12;NL-12_418;Maasvlakte Plaza Zuid (Luzonstraat 6);200;0;200;100,0;0;0;66,7;full;2026-10-06 23:12:41;2,5;
2026-10-06;23:15;2026-10-06 23:00;2026-10-06 21:15:12;NL-12_411;Maasvlakte Plaza Noord (Hormuzstraat);580;1;581;99,8;1;85;80,0;spacesAvailable;2026-10-06 23:13:23;1,8;
2026-10-07;00:15;2026-10-07 00:00;2026-10-06 22:15:40;NL-12_418;Maasvlakte Plaza Zuid (Luzonstraat 6);199;1;200;99,5;1;0;66,7;spacesAvailable;2026-10-07 00:13:41;2,0;
2026-10-07;00:15;2026-10-07 00:00;2026-10-06 22:15:40;NL-12_411;Maasvlakte Plaza Noord (Hormuzstraat);580;1;581;99,8;1;85;80,0;spacesAvailable;2026-10-07 00:14:23;1,3;
2026-10-07;01:14;2026-10-07 01:00;2026-10-06 23:14:06;NL-12_418;Maasvlakte Plaza Zuid (Luzonstraat 6);198;2;200;99,0;2;0;66,3;spacesAvailable;2026-10-07 01:11:41;2,4;
2026-10-07;01:14;2026-10-07 01:00;2026-10-06 23:14:06;NL-12_411;Maasvlakte Plaza Noord (Hormuzstraat);575;6;581;99,0;6;84;79,6;spacesAvailable;2026-10-07 01:12:23;1,7;
2026-10-07;02:25;2026-10-07 02:00;2026-10-07 00:25:34;NL-12_418;Maasvlakte Plaza Zuid (Luzonstraat 6);193;7;200;96,5;7;0;65,3;spacesAvailable;2026-10-07 02:23:41;1,9;
2026-10-07;02:25;2026-10-07 02:00;2026-10-07 00:25:34;NL-12_411;Maasvlakte Plaza Noord (Hormuzstraat);561;20;581;96,6;20;84;76,2;spacesAvailable;2026-10-07 02:24:23;1,2;
2026-10-07;03:17;2026-10-07 03:00;2026-10-07 01:17:43;NL-12_418;Maasvlakte Plaza Zuid (Luzonstraat 6);180;20;200;90,0;20;0;61,7;spacesAvailable;2026-10-07 03:15:41;2,0;groep 2 capaciteit wijkt af (180 i.p.v. 164)
2026-10-07;03:17;2026-10-07 03:00;2026-10-07 01:17:43;NL-12_411;Maasvlakte Plaza Noord (Hormuzstraat);535;46;581;92,1;46;84;74,8;spacesAvailable;2026-10-07 03:16:23;1,3;groep 2 capaciteit wijkt af (430 i.p.v. 408)
2026-10-07;04:16;2026-10-07 04:00;2026-10-07 02:16:25;NL-12_418;Maasvlakte Plaza Zuid (Luzonstraat 6);148;52;200;74,0;52;0;52,3;spacesAvailable;2026-10-07 04:13:41;2,7;groep 2 capaciteit wijkt af (170 i.p.v. 164)
2026-10-07;04:16;2026-10-07 04:00;2026-10-07 02:16:25;NL-12_411;Maasvlakte Plaza Noord (Hormuzstraat);447;134;581;76,9;134;82;61,6;spacesAvailable;2026-10-07 04:14:23;2,0;groep 2 capaciteit wijkt af (415 i.p.v. 408) | groep 4 capaciteit wijkt af (80 i.p.v. 77)
2026-10-07;05:16;2026-10-07 05:00;2026-10-07 03:16:45;NL-12_418;Maasvlakte Plaza Zuid (Luzonstraat 6);93;107;200;46,5;107;0;28,0;spacesAvailable;2026-10-07 05:14:41;2,1;
2026-10-07;05:16;2026-10-07 05:00;2026-10-07 03:16:45;NL-12_411;Maasvlakte Plaza Noord (Hormuzstraat);308;273;581;53,0;273;56;42,4;spacesAvailable;2026-10-07 05:15:23;1,4;groep 2 capaciteit wijkt af (414 i.p.v. 408)
2026-10-07;06:16;2026-10-07 06:00;2026-10-07 04:16:51;NL-12_418;Maasvlakte Plaza Zuid (Luzonstraat 6);74;126;200;37,0;126;0;21,7;spacesAvailable;2026-10-07 06:14:41;2,2;
2026-10-07;06:16;2026-10-07 06:00;2026-10-07 04:16:51;NL-12_411;Maasvlakte Plaza Noord (Hormuzstraat);196;385;581;33,7;385;33;28,8;spacesAvailable;2026-10-07 06:15:23;1,5;
2026-10-07;07:16;2026-10-07 07:00;2026-10-07 05:16:56;NL-12_418;Maasvlakte Plaza Zuid (Luzonstraat 6);53;147;200;26,5;147;0;12,7;spacesAvailable;2026-10-07 07:14:41;2,3;
2026-10-07;07:16;2026-10-07 07:00;2026-10-07 05:16:56;NL-12_411;Maasvlakte Plaza Noord (Hormuzstraat);126;455;581;21,7;455;15;18,0;spacesAvailable;2026-10-07 07:15:23;1,5;groep 2 capaciteit wijkt af (413 i.p.v. 408)
2026-10-07;08:20;2026-10-07 08:00;2026-10-07 06:20:38;NL-12_418;Maasvlakte Plaza Zuid (Luzonstraat 6);50;150;200;25,0;150;0;10,3;spacesAvailable;2026-10-07 08:18:41;2,0;
2026-10-07;08:20;2026-10-07 08:00;2026-10-07 06:20:38;NL-12_411;Maasvlakte Plaza Noord (Hormuzstraat);102;479;581;17,6;479;9;14,8;spacesAvailable;2026-10-07 08:19:23;1,3;
2026-10-07;09:18;2026-10-07 09:00;2026-10-07 07:18:24;NL-12_418;Maasvlakte Plaza Zuid (Luzonstraat 6);49;151;200;24,5;151;0;10,3;spacesAvailable;2026-10-07 09:15:41;2,7;
2026-10-07;09:18;2026-10-07 09:00;2026-10-07 07:18:24;NL-12_411;Maasvlakte Plaza Noord (Hormuzstraat);98;483;581;16,9;483;7;11,0;spacesAvailable;2026-10-07 09:16:23;2,0;groep 2 capaciteit wijkt af (412 i.p.v. 408)
2026-10-07;10:18;2026-10-07 10:00;2026-10-07 08:18:23;NL-12_418;Maasvlakte Plaza Zuid (Luzonstraat 6);46;154;200;23,0;154;0;9,7;spacesAvailable;2026-10-07 10:15:41;2,7;
2026-10-07;10:18;2026-10-07 10:00;2026-10-07 08:18:23;NL-12_411;Maasvlakte Plaza Noord (Hormuzstraat);102;479;581;17,6;479;4;9,8;spacesAvailable;2026-10-07 10:16:23;2,0;
2026-10-07;11:17;2026-10-07 11:00;2026-10-07 09:17:36;NL-12_418;Maasvlakte Plaza Zuid (Luzonstraat 6);40;160;200;20,0;160;0;8,3;spacesAvailable;2026-10-07 11:15:41;1,9;
2026-10-07;11:17;2026-10-07 11:00;2026-10-07 09:17:36;NL-12_411;Maasvlakte Plaza Noord (Hormuzstraat);97;484;581;16,7;484;2;8,8;spacesAvailable;2026-10-07 11:16:23;1,2;groep 2 capaciteit wijkt af (412 i.p.v. 408)
2026-10-07;12:17;2026-10-07 12:00;2026-10-07 10:17:10;NL-12_418;Maasvlakte Plaza Zuid (Luzonstraat 6);51;149;200;25,5;149;0;10,7;spacesAvailable;2026-10-07 12:14:41;2,5;
2026-10-07;12:17;2026-10-07 12:00;2026-10-07 10:17:10;NL-12_411;Maasvlakte Plaza Noord (Hormuzstraat);98;483;581;16,9;483;2;8,8;spacesAvailable;2026-10-07 12:15:23;1,8;
2026-10-07;13:16;2026-10-07 13:00;2026-10-07 11:16:21;NL-12_418;Maasvlakte Plaza Zuid (Luzonstraat 6);57;143;200;28,5;143;0;11,3;spacesAvailable;2026-10-07 13:13:41;2,7;
2026-10-07;13:16;2026-10-07 13:00;2026-10-07 11:16:21;NL-12_411;Maasvlakte Plaza Noord (Hormuzstraat);109;472;581;18,8;472;1;9,2;spacesAvailable;2026-10-07 13:14:23;2,0;
2026-10-07;14:22;2026-10-07 14:00;2026-10-07 12:22:09;NL-12_418;Maasvlakte Plaza Zuid (Luzonstraat 6);63;137;200;31,5;137;0;12,7;spacesAvailable;2026-10-07 14:19:41;2,5;
2026-10-07;14:22;2026-10-07 14:00;2026-10-07 12:22:09;NL-12_411;Maasvlakte Plaza Noord (Hormuzstraat);132;449;581;22,7;449;3;13,6;spacesAvailable;2026-10-07 14:20:23;1,8;
2026-10-07;15:19;2026-10-07 15:00;2026-10-07 13:19:43;NL-12_418;Maasvlakte Plaza Zuid (Luzonstraat 6);51;149;200;25,5;149;0;10,3;spacesAvailable;2026-10-07 15:17:41;2,0;
2026-10-07;15:19;2026-10-07 15:00;2026-10-07 13:19:43;NL-12_411;Maasvlakte Plaza Noord (Hormuzstraat);108;473;581;18,6;473;2;9,8;spacesAvailable;2026-10-07 15:18:23;1,3;groep 2 capaciteit wijkt af (413 i.p.v. 408)
2026-10-07;16:18;2026-10-07 16:00;2026-10-07 14:18:02;NL-12_418;Maasvlakte Plaza Zuid (Luzonstraat 6);66;134;200;33,0;134;0;14,0;spacesAvailable;2026-10-07 16:15:41;2,3;
2026-10-07;16:18;2026-10-07 16:00;2026-10-07 14:18:02;NL-12_411;Maasvlakte Plaza Noord (Hormuzstraat);139;442;581;23,9;442;3;14,4;spacesAvailable;2026-10-07 16:16:23;1,6;
2026-10-07;17:27;2026-10-07 17:00;2026-10-07 15:27:21;NL-12_418;Maasvlakte Plaza Zuid (Luzonstraat 6);76;124;200;38,0;124;0;15,3;spacesAvailable;2026-10-07 17:24:41;2,7;
2026-10-07;17:27;2026-10-07 17:00;2026-10-07 15:27:21;NL-12_411;Maasvlakte Plaza Noord (Hormuzstraat);206;375;581;35,5;375;5;16,0;spacesAvailable;2026-10-07 17:25:23;2,0;groep 2 capaciteit wijkt af (415 i.p.v. 408)
2026-10-07;18:18;2026-10-07 18:00;2026-10-07 16:18:53;NL-12_418;Maasvlakte Plaza Zuid (Luzonstraat 6);103;97;200;51,5;97;0;22,7;spacesAvailable;2026-10-07 18:16:41;2,2;
2026-10-07;18:18;2026-10-07 18:00;2026-10-07 16:18:53;NL-12_411;Maasvlakte Plaza Noord (Hormuzstraat);245;336;581;42,2;336;5;20,6;spacesAvailable;2026-10-07 18:17:23;1,5;groep 2 capaciteit wijkt af (414 i.p.v. 408)
2026-10-07;19:21;2026-10-07 19:00;2026-10-07 17:21:37;NL-12_418;Maasvlakte Plaza Zuid (Luzonstraat 6);142;58;200;71,0;58;0;34,3;spacesAvailable;2026-10-07 19:19:41;1,9;groep 2 capaciteit wijkt af (171 i.p.v. 164)
2026-10-07;19:21;2026-10-07 19:00;2026-10-07 17:21:37;NL-12_411;Maasvlakte Plaza Noord (Hormuzstraat);395;186;581;68,0;186;13;43,4;spacesAvailable;2026-10-07 19:20:23;1,2;groep 2 capaciteit wijkt af (423 i.p.v. 408) | groep 4 capaciteit wijkt af (80 i.p.v. 77)
2026-10-07;20:19;2026-10-07 20:00;2026-10-07 18:19:44;NL-12_418;Maasvlakte Plaza Zuid (Luzonstraat 6);196;4;200;98,0;4;0;64,7;spacesAvailable;2026-10-07 20:17:41;2,1;
2026-10-07;20:19;2026-10-07 20:00;2026-10-07 18:19:44;NL-12_411;Maasvlakte Plaza Noord (Hormuzstraat);531;50;581;91,4;50;65;62,6;spacesAvailable;2026-10-07 20:18:23;1,3;groep 2 capaciteit wijkt af (417 i.p.v. 408)
2026-10-07;21:17;2026-10-07 21:00;2026-10-07 19:17:02;NL-12_418;Maasvlakte Plaza Zuid (Luzonstraat 6);200;0;200;100,0;0;0;66,7;full;2026-10-07 21:14:41;2,4;
2026-10-07;21:17;2026-10-07 21:00;2026-10-07 19:17:02;NL-12_411;Maasvlakte Plaza Noord (Hormuzstraat);577;4;581;99,3;4;85;79,6;spacesAvailable;2026-10-07 21:15:23;1,7;
2026-10-07;22:16;2026-10-07 22:00;2026-10-07 20:16:44;NL-12_418;Maasvlakte Plaza Zuid (Luzonstraat 6);200;0;200;100,0;0;0;66,7;full;2026-10-07 22:14:41;2,0;
2026-10-07;22:16;2026-10-07 22:00;2026-10-07 20:16:44;NL-12_411;Maasvlakte Plaza Noord (Hormuzstraat);581;0;581;100,0;0;86;80,0;full;2026-10-07 22:15:23;1,3;
2026-10-07;23:16;2026-10-07 23:00;2026-10-07 21:16:25;NL-12_418;Maasvlakte Plaza Zuid (Luzonstraat 6);199;1;200;99,5;1;0;66,7;spacesAvailable;2026-10-07 23:13:41;2,7;
2026-10-07;23:16;2026-10-07 23:00;2026-10-07 21:16:25;NL-12_411;Maasvlakte Plaza Noord (Hormuzstraat);579;2;581;99,7;2;86;80,0;spacesAvailable;2026-10-07 23:14:23;2,0;
2026-10-08;00:13;2026-10-08 00:00;2026-10-07 22:13:55;NL-12_418;Maasvlakte Plaza Zuid (Luzonstraat 6);199;1;200;99,5;1;0;66,7;spacesAvailable;2026-10-08 00:11:41;2,2;
2026-10-08;00:13;2026-10-08 00:00;2026-10-07 22:13:55;NL-12_411;Maasvlakte Plaza Noord (Hormuzstraat);579;2;581;99,7;2;86;80,0;spacesAvailable;2026-10-08 00:12:23;1,5;
2026-10-08;01:13;2026-10-08 01:00;2026-10-07 23:13:08;NL-12_418;Maasvlakte Plaza Zuid (Luzonstraat 6);199;1;200;99,5;1;0;66,7;spacesAvailable;2026-10-08 01:10:41;2,5;
2026-10-08;01:13;2026-10-08 01:00;2026-10-07 23:13:08;NL-12_411;Maasvlakte Plaza Noord (Hormuzstraat);574;7;581;98,8;7;85;79,4;spacesAvailable;2026-10-08 01:11:23;1,8;
2026-10-08;02:24;2026-10-08 02:00;2026-10-08 00:24:10;NL-12_418;Maasvlakte Plaza Zuid (Luzonstraat 6);196;4;200;98,0;4;0;66,0;spacesAvailable;2026-10-08 02:21:41;2,5;
2026-10-08;02:24;2026-10-08 02:00;2026-10-08 00:24:10;NL-12_411;Maasvlakte Plaza Noord (Hormuzstraat);563;18;581;96,9;18;84;78,6;spacesAvailable;2026-10-08 02:22:23;1,8;
2026-10-08;03:17;2026-10-08 03:00;2026-10-08 01:17:39;NL-12_418;Maasvlakte Plaza Zuid (Luzonstraat 6);188;12;200;94,0;12;0;64,0;spacesAvailable;2026-10-08 03:15:41;2,0;groep 2 capaciteit wijkt af (183 i.p.v. 164)
2026-10-08;03:17;2026-10-08 03:00;2026-10-08 01:17:39;NL-12_411;Maasvlakte Plaza Noord (Hormuzstraat);539;42;581;92,8;42;83;76,6;spacesAvailable;2026-10-08 03:16:23;1,3;groep 2 capaciteit wijkt af (425 i.p.v. 408) | groep 4 capaciteit wijkt af (83 i.p.v. 77)
2026-10-08;04:15;2026-10-08 04:00;2026-10-08 02:15:41;NL-12_418;Maasvlakte Plaza Zuid (Luzonstraat 6);164;36;200;82,0;36;0;57,3;spacesAvailable;2026-10-08 04:13:41;2,0;
2026-10-08;04:15;2026-10-08 04:00;2026-10-08 02:15:41;NL-12_411;Maasvlakte Plaza Noord (Hormuzstraat);476;105;581;81,9;105;81;71,2;spacesAvailable;2026-10-08 04:14:23;1,3;groep 2 capaciteit wijkt af (425 i.p.v. 408)
2026-10-08;05:16;2026-10-08 05:00;2026-10-08 03:16:44;NL-12_418;Maasvlakte Plaza Zuid (Luzonstraat 6);115;85;200;57,5;85;0;39,0;spacesAvailable;2026-10-08 05:14:41;2,1;
2026-10-08;05:16;2026-10-08 05:00;2026-10-08 03:16:44;NL-12_411;Maasvlakte Plaza Noord (Hormuzstraat);360;221;581;62,0;221;69;58,2;spacesAvailable;2026-10-08 05:15:23;1,4;groep 2 capaciteit wijkt af (412 i.p.v. 408)
2026-10-08;06:17;2026-10-08 06:00;2026-10-08 04:17:03;NL-12_418;Maasvlakte Plaza Zuid (Luzonstraat 6);72;128;200;36,0;128;0;21,3;spacesAvailable;2026-10-08 06:14:41;2,4;
2026-10-08;06:17;2026-10-08 06:00;2026-10-08 04:17:03;NL-12_411;Maasvlakte Plaza Noord (Hormuzstraat);194;387;581;33,4;387;26;32,8;spacesAvailable;2026-10-08 06:15:23;1,7;groep 2 capaciteit wijkt af (412 i.p.v. 408)
2026-10-08;07:16;2026-10-08 07:00;2026-10-08 05:16:33;NL-12_418;Maasvlakte Plaza Zuid (Luzonstraat 6);53;147;200;26,5;147;0;13,0;spacesAvailable;2026-10-08 07:14:41;1,9;
2026-10-08;07:16;2026-10-08 07:00;2026-10-08 05:16:33;NL-12_411;Maasvlakte Plaza Noord (Hormuzstraat);123;458;581;21,2;458;15;19,4;spacesAvailable;2026-10-08 07:15:23;1,2;
2026-10-08;08:22;2026-10-08 08:00;2026-10-08 06:22:42;NL-12_418;Maasvlakte Plaza Zuid (Luzonstraat 6);47;153;200;23,5;153;0;10,3;spacesAvailable;2026-10-08 08:20:41;2,0;
2026-10-08;08:22;2026-10-08 08:00;2026-10-08 06:22:42;NL-12_411;Maasvlakte Plaza Noord (Hormuzstraat);102;479;581;17,6;479;7;16,8;spacesAvailable;2026-10-08 08:21:23;1,3;groep 2 capaciteit wijkt af (414 i.p.v. 408)
2026-10-08;09:18;2026-10-08 09:00;2026-10-08 07:18:46;NL-12_418;Maasvlakte Plaza Zuid (Luzonstraat 6);58;142;200;29,0;142;0;13,3;spacesAvailable;2026-10-08 09:16:41;2,1;
2026-10-08;09:18;2026-10-08 09:00;2026-10-08 07:18:46;NL-12_411;Maasvlakte Plaza Noord (Hormuzstraat);90;491;581;15,5;491;3;9,0;spacesAvailable;2026-10-08 09:17:23;1,4;groep 2 capaciteit wijkt af (411 i.p.v. 408)
2026-10-08;10:18;2026-10-08 10:00;2026-10-08 08:18:26;NL-12_418;Maasvlakte Plaza Zuid (Luzonstraat 6);69;131;200;34,5;131;0;15,7;spacesAvailable;2026-10-08 10:15:41;2,8;
2026-10-08;10:18;2026-10-08 10:00;2026-10-08 08:18:26;NL-12_411;Maasvlakte Plaza Noord (Hormuzstraat);102;479;581;17,6;479;4;9,8;spacesAvailable;2026-10-08 10:16:23;2,1;groep 2 capaciteit wijkt af (413 i.p.v. 408)
2026-10-08;11:17;2026-10-08 11:00;2026-10-08 09:17:51;NL-12_418;Maasvlakte Plaza Zuid (Luzonstraat 6);62;138;200;31,0;138;0;13,3;spacesAvailable;2026-10-08 11:15:41;2,2;
2026-10-08;11:17;2026-10-08 11:00;2026-10-08 09:17:51;NL-12_411;Maasvlakte Plaza Noord (Hormuzstraat);81;500;581;13,9;500;2;5,4;spacesAvailable;2026-10-08 11:16:23;1,5;
2026-10-08;12:18;2026-10-08 12:00;2026-10-08 10:18:23;NL-12_418;Maasvlakte Plaza Zuid (Luzonstraat 6);55;145;200;27,5;145;0;11,0;spacesAvailable;2026-10-08 12:15:41;2,7;
2026-10-08;12:18;2026-10-08 12:00;2026-10-08 10:18:23;NL-12_411;Maasvlakte Plaza Noord (Hormuzstraat);95;486;581;16,4;486;3;6,4;spacesAvailable;2026-10-08 12:16:23;2,0;groep 2 capaciteit wijkt af (414 i.p.v. 408)
2026-10-08;13:16;2026-10-08 13:00;2026-10-08 11:16:33;NL-12_418;Maasvlakte Plaza Zuid (Luzonstraat 6);72;128;200;36,0;128;0;14,7;spacesAvailable;2026-10-08 13:14:41;1,9;
2026-10-08;13:16;2026-10-08 13:00;2026-10-08 11:16:33;NL-12_411;Maasvlakte Plaza Noord (Hormuzstraat);93;488;581;16,0;488;0;5,0;spacesAvailable;2026-10-08 13:15:23;1,2;
2026-10-08;14:21;2026-10-08 14:00;2026-10-08 12:21:58;NL-12_418;Maasvlakte Plaza Zuid (Luzonstraat 6);58;142;200;29,0;142;0;11,7;spacesAvailable;2026-10-08 14:19:41;2,3;
2026-10-08;14:21;2026-10-08 14:00;2026-10-08 12:21:58;NL-12_411;Maasvlakte Plaza Noord (Hormuzstraat);124;457;581;21,3;457;1;7,6;spacesAvailable;2026-10-08 14:20:23;1,6;groep 2 capaciteit wijkt af (413 i.p.v. 408)
2026-10-08;15:20;2026-10-08 15:00;2026-10-08 13:20:48;NL-12_418;Maasvlakte Plaza Zuid (Luzonstraat 6);56;144;200;28,0;144;0;11,3;spacesAvailable;2026-10-08 15:18:41;2,1;
2026-10-08;15:20;2026-10-08 15:00;2026-10-08 13:20:48;NL-12_411;Maasvlakte Plaza Noord (Hormuzstraat);104;477;581;17,9;477;0;8,6;spacesAvailable;2026-10-08 15:19:23;1,4;groep 2 capaciteit wijkt af (413 i.p.v. 408)
2026-10-08;16:19;2026-10-08 16:00;2026-10-08 14:19:45;NL-12_418;Maasvlakte Plaza Zuid (Luzonstraat 6);72;128;200;36,0;128;0;14,7;spacesAvailable;2026-10-08 16:17:41;2,1;
2026-10-08;16:19;2026-10-08 16:00;2026-10-08 14:19:45;NL-12_411;Maasvlakte Plaza Noord (Hormuzstraat);139;442;581;23,9;442;0;13,2;spacesAvailable;2026-10-08 16:18:23;1,4;groep 2 capaciteit wijkt af (413 i.p.v. 408)
2026-10-08;17:17;2026-10-08 17:00;2026-10-08 15:17:39;NL-12_418;Maasvlakte Plaza Zuid (Luzonstraat 6);97;103;200;48,5;103;0;20,7;spacesAvailable;2026-10-08 17:15:41;2,0;
2026-10-08;17:17;2026-10-08 17:00;2026-10-08 15:17:39;NL-12_411;Maasvlakte Plaza Noord (Hormuzstraat);193;388;581;33,2;388;0;16,8;spacesAvailable;2026-10-08 17:16:23;1,3;groep 2 capaciteit wijkt af (413 i.p.v. 408)
2026-10-08;18:19;2026-10-08 18:00;2026-10-08 16:19:26;NL-12_418;Maasvlakte Plaza Zuid (Luzonstraat 6);152;48;200;76,0;48;0;40,0;spacesAvailable;2026-10-08 18:16:41;2,8;groep 2 capaciteit wijkt af (171 i.p.v. 164)
2026-10-08;18:19;2026-10-08 18:00;2026-10-08 16:19:26;NL-12_411;Maasvlakte Plaza Noord (Hormuzstraat);293;288;581;50,4;288;2;33,0;spacesAvailable;2026-10-08 18:17:23;2,1;groep 2 capaciteit wijkt af (421 i.p.v. 408)
2026-10-08;19:16;2026-10-08 19:00;2026-10-08 17:16:37;NL-12_418;Maasvlakte Plaza Zuid (Luzonstraat 6);199;1;200;99,5;1;0;66,7;spacesAvailable;2026-10-08 19:14:41;1,9;
2026-10-08;19:16;2026-10-08 19:00;2026-10-08 17:16:37;NL-12_411;Maasvlakte Plaza Noord (Hormuzstraat);491;90;581;84,5;90;41;67,4;spacesAvailable;2026-10-08 19:15:23;1,2;
2026-10-08;20:18;2026-10-08 20:00;2026-10-08 18:18:42;NL-12_418;Maasvlakte Plaza Zuid (Luzonstraat 6);200;0;200;100,0;0;0;66,7;full;2026-10-08 20:16:41;2,0;
2026-10-08;20:18;2026-10-08 20:00;2026-10-08 18:18:42;NL-12_411;Maasvlakte Plaza Noord (Hormuzstraat);580;1;581;99,8;1;86;80,0;spacesAvailable;2026-10-08 20:17:23;1,3;
